Latitude,Longitude,Instrument,UTC date,UTC time,Sun elevation,Sun azimuth,Sirius elevation,Rigel elevation,Betelgeuse elevation,Procyon elevation,Capella elevation,Arcturus elevation,Spica elevation,Vega elevation,Deneb elevation,Antares elevation,Altair elevation,Aldebaran elevation,Local sidereal time,Local apparent solar time,Local mean time,Moon elevation,Moon right ascension,Moon phase,Venus elevation,Venus right ascension,Venus phase,Mars elevation,Mars right ascension,Jupiter elevation,Jupiter right ascension,Saturn elevation,Saturn right ascension
39,-77,01/13/19,01/31/19,23:58,,,18,37,45,25,71,,,,,,,,03:37,18:50,19:02,,,,,,,46,01:20,,,,
39,-77,01/13/19,02/01/19,01:39,,,28,42,58,44,83,,,,,,,,08:50,23:32,23:42,,,,,,,29,01:20,,,,
39,-77,01/13/19,02/02/19,13:50,14,125,,,,,,,,,,,,,17:20,08:15,08:30,,,,,,,,,,,,
39,-77,01/13/19,02/02/19,15:45,30,155,,,,,,,,,,,,,19:30,10:30,10:44,,,,,,,,,,,,
39,-77,01/13/19,02/02/19,20:08,23,220,,,,,,,,,,,,,23:50,14:50,15:04,,,,,,,,,,,,
39,-77,01/13/19,02/02/19,23:52,,,19,38,45,27,71,,,,,,,,03:40,18:40,18:54,,,,,,,48,01:20,,,,
39,-77,01/13/19,02/03/19,04:06,,,33,30,50,56,62,,,,,,,,07:40,22:35,22:49,,,,,,,,,,,,
39,-77,01/13/19,02/03/19,15:50,29,148,,,,,,,,,,,,,19:25,10:15,10:29,,,,,,,,,,,,
39,-77,01/13/19,02/04/19,03:25,,,33,36,54,56,68,,,,,,,,07:12,22:00,22:14,,,,,,,,,,,,
39,-77,01/13/19,02/04/19,14:26,20,132,,,,,,,,,,,,,18:15,08:50,09:04,,,,,,,,,,,,
39,-77,01/13/19,02/04/19,16:37,35,170,,,,,,,,,,,,,20:40,11:30,11:44,,,,,,,,,,,,
39,-77,01/13/19,02/04/19,22:05,4,245,,,,,,,,,,,,,02:05,16:52,17:06,,,,,,,,,,,,
39,-77,01/13/19,02/04/19,23:37,,,18,37,45,26,71,,,,,,,,03:40,18:35,18:49,,,,,,,48,01:25,,,,
39,-77,01/13/19,02/05/19,01:47,,,32,43,59,48,81,,,,,,,,06:00,20:45,20:59,,,,,,,26,01:30,,,,
39,-77,01/13/19,02/05/19,13:00,10,120,,,,,,,,,,,,,17:05,07:50,08:04,,,,,,,,,,,,
39,-77,01/13/19,02/06/19,01:35,,,30,43,58,44,81,,,,,,,,05:30,20:20,20:34,,,,,,,28,01:30,,,,
39,-77,01/13/19,02/06/19,14:18,20,130,,,,,,,,,,,,,18:12,08:55,09:09,,,,,,,,,,,,
39,-77,01/13/19,02/08/19,17:42,37,185,,,,,,,,,,,,,21:50,12:20,12:37,,,,,,,,,,,,
39,-77,01/13/19,02/10/19,04:35,,,30,20,42,51,54,,,,,,,,08:40,23:05,23:19,,,,,,,,,,,,
39,-77,01/13/19,02/13/19,12:54,8,114,,,,,,,,,,,,,17:15,07:25,07:39,,,,,,,,,,,,
39,-77,01/13/19,02/13/19,16:06,34,158,,,,,,,,,,,,,20:35,10:45,10:59,,,,,,,,,,,,
39,-77,01/13/19,02/13/19,23:44,,,23,40,50,31,76,,,,,,,,04:20,18:30,18:44,67,05:20,Wax55,,,,45,01:50,,,,
39,-77,01/13/19,02/14/19,03:03,,,33,32,50,55,63,,,,,,,,07:40,21:50,22:04,45,04:30,Wax55,,,,,,,,,
39,-77,01/13/19,02/14/19,11:55,0,105,,,,,,,,,,,,,16:30,06:40,06:54,,,,,,,,,,,,
30,-90,01/13/2019-paper,02/14/19,12:45,0,,,,,,,,,,,,,,,,,,,,,,,,,,,,
39,-77,01/13/19,02/14/19,12:51,8,115,,,,,,,,,,,,,17:12,07:35,07:49,,,,,,,,,,,,
39,-77,01/13/19,02/15/19,00:08,,,,,,,,,,,,,,,,,,69,,,,,,,,,,,
39,-77,01/13/19,02/15/19,15:23,31,145,,,,,,,,,,,,,20:00,10:05,10:19,,,,,,,,,,,,
39,-77,01/13/19,02/16/19,16:10,36,162,,,,,,,,,,,,,20:50,11:00,11:14,,,,,,,,,,,,
39,-77,01/13/19,02/16/19,18:02,39,192,,,,,,,,,,,,,22:25,12:30,12:44,,,,,,,,,,,,
39,-77,01/13/19,02/16/19,19:56,28,222,,,,,,,,,,,,,00:20,14:35,14:49,,,,,,,,,,,,
39,-77,01/13/19,02/16/19,20:40,20,235,,,,,,,,,,,,,01:30,15:30,15:41,13,07:30,Wax80,,,,,,,,,
39,-77,01/13/19,02/17/19,00:55,,,33,43,58,46,83,,,,,,,,05:40,19:40,19:54,60,07:30,Wax80,,,,35,02:00,,,,
39,-77,01/13/19,02/17/19,02:12,,,35,39,56,56,70,,,,,,,,07:00,21:00,21:14,70,07:20,Wax80,,,,20,02:00,,,,
39,-77,01/13/19,02/19/19,12:16,4,105,,,,,,,,,,,,,17:05,06:55,07:09,,,,,,,,,,,,
39,-77,01/13/19,02/19/19,15:00,29,147,,,,,,,,,,,,,19:40,09:30,09:44,,,,,,,,,,,,
39,-77,01/13/19,02/19/19,17:54,39,175,,,,,,,,,,,,,21:55,11:45,11:59,,,,,,,,,,,,
39,-77,01/13/19,02/20/19,01:48,,,,,,,,,,,,,,,,,,31,,,,,,,,,,,
39,-77,01/13/19,02/21/19,15:53,38,155,,,,,,,,,,,,,21:00,10:45,10:59,,,,,,,,,,,,
39,-77,01/13/19,02/21/19,19:49,31,220,,,,,,,,,,,,,00:38,14:20,14:34,,,,,,,,,,,,
39,-77,01/13/19,02/25/19,02:25,,,32,31,50,56,65,,,,,,,,07:35,21:00,21:12,,,,,,,15,02:00,,,,
39,-77,01/13/19,02/25/19,12:58,12,113,,,,,,,,,,,,,18:10,07:35,07:48,,,,,,,,,,,,
39,-77,01/13/19,02/25/19,16:06,40,167,,,,,,,,,,,,,21:30,10:50,11:02,,,,,,,,,,,,
39,-77,01/13/19,02/25/19,19:08,37,213,,,,,,,,,,,,,00:20,13:45,13:57,,,,,,,,,,,,
39,-77,01/13/19,02/26/19,03:18,,,29,25,42,54,54,18,,,,,,,08:30,21:55,22:03,,,,,,,,,,,,
39,-77,01/13/19,02/27/19,02:27,,,32,31,49,55,60,6,,,,,,,07:42,21:05,21:18,,,,,,,16,,,,,
39,-77,01/13/19,02/27/19,12:56,13,112,,,,,,,,,,,,,18:15,07:35,07:49,,,,,,,,,,,,
39,-77,01/13/19,02/27/19,14:23,27,125,,,,,,,,,,,,,19:35,08:50,09:03,,,,,,,,,,,,
39,-77,01/13/19,02/28/19,14:15,25,123,,,,,,,,,,,,,19:25,08:40,08:53,,,,,,,,,,,,
39,-77,01/13/19,02/28/19,20:09,29,227,,,,,,,,,,,,,01:30,14:50,15:03,,,,,,,,,,,,
39,-77,01/13/19,03/01/19,00:24,,,32,42,58,48,81,,,,,,,,06:00,19:15,19:27,,,,,,,41,02:35,,,,
39,-77,01/13/19,03/04/19,12:55,15,112,,,,,,,,,,,,,18:40,07:40,07:52,,,,,,,,,,,,
39,-77,01/13/19,03/04/19,20:26,28,234,,,,,,,,,,,,,02:00,15:05,15:19,,,,,,,,,,,,
39,-77,01/13/19,03/05/19,02:24,,,31,28,47,56,59,13,,,,,,,08:00,21:05,21:17,,,,,,,17,02:40,,,,
39,-77,01/13/19,03/12/19,01:17,,,,34,,,67,,,,,,,,07:20,19:53,20:03,31,03:15,Wax20,,,,28,02:55,,,,
39,-77,01/13/19,03/12/19,12:19,10,100,,,,,,,,,,,,,18:30,07:05,07:15,,,,,,,,,,,,
39,-77,01/13/19,03/12/19,15:26,40,142,,,,,,,,,,,,,21:40,10:15,10:25,,,,,,,,,,,,
39,-77,01/13/19,03/12/19,22:36,,,,,,,,,,,,,,,,,,67,,Wax30,,,,,,,,,
39,-77,01/13/19,03/13/19,00:36,,,35,38,57,56,72,,,,,,,,07:00,19:30,19:40,49,04:05,Wax30,,,,35,03:00,,,,
39,-77,01/13/19,03/14/19,18:35,46,255,,,,,,,,,,,,,06:30,15:10,15:20,,,,,,,,,,,,
39,-77,01/13/19,03/14/19,21:36,20,275,,,,,,,,,,,,,08:40,18:15,18:25,56,06:30,Wax50,,,,,,,,,
39,-77,01/13/19,03/15/19,20:14,31,235,,,,,,,,,,,,,02:40,15:05,15:15,31,07:00,Wax60,,,,,,,,,
39,-77,01/13/19,03/16/19,16:04,45,152,,,,,,,,,,,,,22:30,10:50,11:00,,,,,,,,,,,,
39,-77,01/13/19,03/16/19,17:55,47,192,,,,,,,,,,,,,00:20,12:35,12:45,,,,,,,,,,,,
39,-77,01/13/19,03/16/19,21:55,16,252,,,,,,,,,,,,,04:15,16:35,16:45,40,07:45,Wax60,,,,,,,,,
39,-77,01/13/19,03/17/19,00:00,,,34,40,58,53,77,,,,,,,,06:40,18:55,19:05,62,08:00,Wax60,,,,42,03:05,,,,
39,-77,01/13/19,03/17/19,02:53,,,23,16,34,49,46,28,16,,,,,,09:30,21:45,21:55,65,08:10,Wax60,,,,,,,,,
39,-77,01/13/19,03/17/19,14:20,34,123,,,,,,,,,,,,,21:00,09:10,09:20,,,,,,,,,,,,
39,-77,01/13/19,03/18/19,02:57,,,21,16,32,48,44,27,,,,,,,09:35,21:45,21:55,66,09:10,Wax75,,,,,,,,,
39,-77,01/13/19,03/19/19,01:54,,,28,25,43,55,55,16,,,,,,,08:38,20:55,21:03,58,09:40,Wax90,,,,,,,,,
39,-77,01/13/19,03/19/19,13:33,18,105,,,,,,,,,,,,,19:25,07:35,07:43,,,,,,,,,,,,
39,-77,01/13/19,03/19/19,23:04,0,90,,,,,,,,,,,,,05:55,18:02,18:10,13,11:05,Wax98,,,,,,,,,
39,-77,01/13/19,03/20/19,00:33,,,35,35,52,55,67,,,,,,,,07:20,19:20,19:28,30,11:00,Wax98,,,,35,03:25,,,,
39,-77,01/13/19,03/20/19,13:27,24,112,,,,,,,,,,,,,20:05,08:10,08:18,,,,,,,,,,,,
39,-77,01/13/19,03/23/19,18:00,51,200,,,,,,,,,,,,,01:00,12:55,13:01,,,,,,,,,,,,
39,-77,01/13/19,03/23/19,19:30,41,230,,,,,,,,,,,,,02:45,14:20,14:26,,,,,,,,,,,,
39,-77,01/13/19,03/24/19,13:23,24,112,,,,,,,,,,,,,20:15,08:05,08:11,,,,,,,,,,,,
39,-77,01/13/19,03/25/19,12:00,9,95,,,,,,,,,,,,,19:00,06:43,06:49,11,15:00,Wane60,,,,,,,,,
39,-77,01/13/19,03/26/19,11:23,4,95,,,,,,,,,,,,,18:30,06:15,06:21,27,18:00,Wane55,,,,,,,,,
39,-77,01/13/19,03/26/19,16:39,52,168,,,,,,,,,,,,,23:40,11:25,11:31,,,,,,,,,,,,
39,-77,01/13/19,03/27/19,13:56,31,115,,,,,,,,,,,,,21:05,08:40,08:46,,,Wane50,,,,,,,,,
39,-77,01/13/19,03/28/19,01:24,,,29,24,42,52,54,18,8,,,,,,08:35,20:10,20:16,,,,,,,,,,,,
39,-77,01/13/19,03/28/19,20:35,18,112,,,,,,,,,,,,,19:50,07:25,07:31,26,18:50,Wane50,,,,,,,,,
39,-77,01/13/19,04/01/19,10:58,0,85,,,,,,,,,,,,,18:25,05:50,05:54,,,,,,,,,,,,
39,-77,01/13/19,04/01/19,19:41,40,235,,,,,,,,,,,,,03:10,14:35,14:39,,,,,,,,,,,,
39,-77,01/13/19,04/03/19,13:57,36,115,,,,,,,,,,,,,21:40,08:55,08:59,,,,,,,,,,,,
39,-77,01/13/19,04/04/19,00:36,,,30,27,46,55,57,13,,,,,,,08:05,19:25,19:30,,,,,,,33,04:00,,,,
39,-77,01/13/19,04/08/19,11:39,10,90,,,,,,,,,,,,,19:40,06:32,06:35,,,,,,,,,,,,
39,-77,01/13/19,04/10/19,13:52,36,114,,,,,,,,,,,,,22:00,08:50,08:52,,,,,,,,,,,,
39,-77,01/13/19,04/13/19,15:41,54,140,,,,,,,,,,,,,00:00,10:35,10:35,,,,,,,,,,,,
39,-77,01/13/19,04/15/19,22:11,17,270,,,,,,,,,,,,,06:50,17:20,17:20,,,,,,,,,,,,
39,-77,01/13/19,04/16/19,11:25,10,87,,,,,,,,,,,,,19:55,06:20,06:20,,,,,,,,,,,,
39,-77,01/13/19,04/16/19,23:34,0,290,,,,,,,,,,,,,08:05,18:35,18:35,,,Wax80,,,,,,,,,
39,-77,01/13/19,04/17/19,02:08,,,,,18,37,33,41,28,,,,,,10:40,21:00,21:00,53,11:10,Wax80,,,,,,,,,
39,-77,01/13/19,04/17/19,22:09,18,275,,,,,,,,,,,,,06:45,17:10,17:10,,,,,,,,,,,,
39,-77,01/13/19,04/19/19,01:00,,,21,,32,47,43,29,,,,,,,09:30,19:50,19:50,22,13:10,Wax95,,,,,,,,,
39,-77,01/13/19,04/22/19,22:20,18,270,,,,,,,,,,,,,07:05,17:03,17:00,,,,,,,,,,,,
39,-77,01/13/19,04/23/19,02:30,,,,,,18,,50,34,,,,,,11:25,21:30,21:30,,,,,,,,,,,,
39,-77,01/13/19,04/24/19,01:13,,,18,,24,40,,35,24,,,,,,10:17,20:18,20:17,,,,,,,,,,,,
39,-77,01/13/19,04/27/19,13:15,35,105,,,,,,,,,,,,,22:35,08:20,08:18,27,20:45,Wane45,,,,,,,,,
39,-77,01/13/19,04/27/19,17:19,66,186,,,,,,,,,,,,,02:30,12:05,12:03,,,,,,,,,,,,
39,-77,01/13/19,04/29/19,00:57,,,16,,24,40,37,36,24,,,,,,10:15,20:00,19:58,,,,,,,,,,,,
39,-77,01/13/19,05/06/19,22:32,17,280,,,,,,,,,,,,,08:10,17:30,17:25,,,,,,,,,,,,
39,-77,01/13/19,05/07/19,02:09,,,,,,20,,55,37,,,,,,12:10,21:20,21:15,,,,,,,,,,,,
39,-77,01/13/19,05/07/19,11:49,18,85,,,,,,,,,,,,,21:40,06:45,06:40,,,,,,,,,,,,
39,-77,01/13/19,05/14/19,01:15,,,,,,26,23,50,34,,,,,,11:50,20:30,20:24,57,11:05,Wax65,,,,,,,,,
39,-77,01/13/19,05/14/19,14:41,52,120,,,,,,,,,,,,,01:10,09:45,09:41,,,,,,,,,,,,
39,-77,01/13/19,05/16/19,21:00,37,265,,,,,,,,,,,,,07:20,16:00,15:56,,,,,,,,,,,,
39,-77,01/13/19,05/20/19,12:09,29,90,,,,,,,,,,,,,23:15,07:30,07:26,,,,,,,,,,,,
39,-77,01/13/19,05/21/19,15:26,62,135,,,,,,,,,,,,,02:25,10:30,10:26,,,,,,,,,,,,
39,-77,01/13/19,05/24/19,12:04,24,85,,,,,,,,,,,,,23:05,07:05,07:02,23,19:05,Wane60,,,,,,,,,
39,-77,01/13/19,05/25/19,14:11,50,112,,,,,,,,,,,,,01:25,09:20,09:16,,,,,,,,,,,,
39,-77,01/13/19,05/26/19,15:07,58,120,,,,,,,,,,,,,02:20,11:05,11:01,16,22:20,Wane60,,,,,,,,,
39,-77,05/30/19,05/30/19,11:20,16,80,,,,,,,,,,,,,22:50,06:25,06:23,,,,,,,,,,,,
39,-77,05/31/19,05/31/19,11:10,14,75,,,,,,,,,,,,,22:30,06:00,05:58,,,,,,,,,,,,
39,-77,05/31/19,05/31/19,18:55,61,,,,,,,,,,,,,,07:15,13:40,13:38,,,,,,,,,,,,
39,-77,05/31/19,06/01/19,00:26,,,,,,,,68,,,,,,,13:55,21:20,21:18,,,,,,,,,,,,
39,-77,05/31/19,06/02/19,12:55,37,90,,,,,,,,,,,,,00:35,08:00,07:58,,,,,,,,,,,,
39,-77,05/31/19,06/03/19,03:26,,,,,,,,64,,45,,,,,15:20,22:30,22:28,,,,,,,,,,,,
39,-77,05/31/19,06/03/19,11:28,17,70,,,,,,,,,,,,,23:00,06:15,06:13,,,,,,,,,,,,
39,-77,05/31/19,06/03/19,13:55,47,100,,,,,,,,,,,,,01:50,09:05,09:03,,,,,,,,,,,,
39,-77,05/31/19,06/03/19,19:14,59,245,,,,,,,,,,,,,06:50,14:05,14:03,,,,,,,,,,,,
39,-77,05/31/19,06/03/19,20:04,48,260,,,,,,,,,,,,,07:55,15:10,15:08,,,,,,,,,,,,
39,-77,05/31/19,06/03/19,21:44,29,275,,,,,,,,,,,,,09:30,16:40,16:38,,,,,,,,,,,,
39,-77,05/31/19,06/04/19,01:55,,,,,,,,64,39,,,,,,13:00,20:07,20:06,,,,,,,,,,,,
39,-77,05/31/19,06/04/19,11:05,14,82,,,,,,,,,,,,,22:50,06:00,05:59,,,,,,,,,,,,
39,-77,05/31/19,06/04/19,12:54,32,90,,,,,,,,,,,,,00:30,07:37,07:36,,,,,,,,,,,,
39,-77,05/31/19,06/04/19,19:46,52,255,,,,,,,,,,,,,07:40,14:50,14:49,,,,,,,,,,,,
39,-77,05/31/19,06/05/19,02:29,,,,,,,,68,37,40,,,,,14:20,21:20,21:18,,,,,,,,,,,,
39,-77,05/31/19,06/06/19,15:00,60,115,,,,,,,,,,,,,03:05,10:00,09:59,,,,,,,,,,,,
39,-77,05/31/19,06/06/19,19:55,50,255,,,,,,,,,,,,,07:55,14:55,14:54,,,,,,,,,,,,
39,-77,05/31/19,06/11/19,13:55,48,100,,,,,,,,,,,,,02:40,08:55,08:55,,,,,,,,,,,,
39,-77,05/31/19,06/11/19,14:40,65,235,,,,,,,,,,,,,08:55,13:35,13:35,,,,,,,,,,,,
39,-77,05/31/19,06/12/19,02:05,,,,,,,,68,,,,,,,14:35,21:10,21:10,45,13:00,Wax60,,,,,,,,,
39,-77,05/31/19,06/14/19,15:20,74,95,,,,,,,,,,,,,05:50,12:20,12:20,,,,,,,,,,,,
39,-77,05/31/19,06/15/19,16:58,74,90,,,,,,,,,,,,,05:35,12:00,12:00,,,,,,,,,,,,
39,-77,05/31/19,06/19/19,19:29,56,245,,,,,,,,,,,,,08:08,14:25,14:26,,,,,,,,,,,,
39,-77,05/31/19,06/21/19,18:51,63,240,,,,,,,,,,,,,07:45,13:45,13:47,,,,,,,,,,,,
39,-77,05/31/19,06/22/19,14:00,46,85,,,,,,,,,,,,,02:45,08:40,08:42,,,,,,,,,,,,
39,-77,05/31/19,06/23/19,01:38,,,,,,,,69,38,42,,18,,,14:40,20:30,20:32,,,,,,,,,18,17:20,,
39,-77,05/31/19,06/23/19,12:53,34,90,,,,,,,,,,,,,02:05,07:50,07:52,25,22:50,Wane55,,,,,,,,,
39,-77,05/31/19,06/24/19,03:23,,,,,,,,53,21,67,45,24,,,16:35,22:35,22:37,,,,,,,,,28,17:00,,
39,-77,05/31/19,06/25/19,01:25,,,,,,,,71,37,43,,19,,,14:40,20:20,20:22,,,,,,,,,18,17:15,,
39,-77,05/31/19,06/26/19,20:08,49,260,,,,,,,,,,,,,09:22,15:00,15:03,,,,,,,,,,,,
39,-77,05/31/19,06/27/19,02:24,,,,,,,,63,31,55,32,23,,,15:35,21:10,21:12,,,,,,,,,24,17:05,,
39,-77,05/31/19,06/29/19,14:21,49,100,,,,,,,,,,,,,03:40,09:05,09:08,,,,,,,,,,,,
39,-77,05/31/19,06/30/19,11:29,17,70,,,,,,,,,,,,,01:05,06:27,06:30,,,,,,,,,,,,
39,-77,05/31/19,06/30/19,14:35,53,100,,,,,,,,,,,,,04:05,09:25,09:27,,,,,,,,,,,,
39,-77,05/31/19,06/30/19,19:23,57,270,,,,,,,,,,,,,09:07,14:25,14:28,,,,,,,,,,,,
39,-77,05/31/19,07/01/19,02:30,,,,,,,,59,26,57,36,25,,,16:00,21:20,21:23,,,,,,,,,28,16:40,,
39,-77,05/31/19,07/01/19,20:19,47,265,,,,,,,,,,,,,09:55,15:10,15:14,,,,,,,,,,,,
39,-77,05/31/19,07/02/19,12:25,27,80,,,,,,,,,,,,,01:50,07:00,07:04,,,,,,,,,,,,
39,-77,05/31/19,07/02/19,19:16,60,255,,,,,,,,,,,,,08:50,14:05,14:09,,,,,,,,,,,,
39,-77,05/31/19,07/03/19,13:27,39,95,,,,,,,,,,,,,03:00,08:07,08:11,,,,,,,,,,,,
39,-77,05/31/19,07/05/19,22:02,24,280,,,,,,,,,,,,,12:10,17:10,17:14,,,,,,,,,,,,
39,-77,05/31/19,07/06/19,01:00,,,,,,,,68,,46,,,,,13:55,18:55,18:59,22,17:05,Wax10,,,,,,20,16:23,,
39,-77,05/31/19,07/07/19,13:31,40,90,,,,,,,,,,,,,03:25,08:17,08:21,,,,,,,,,,,,
39,-77,05/31/19,07/09/19,01:01,,,,,,,,68,,47,,,,,14:55,19:40,19:45,39,13:20,Wax50,,,,,,24,16:45,,
39,-77,05/31/19,07/10/19,02:31,,,,,,,,51,22,63,44,25,,,16:40,21:20,21:25,29,13:50,Wax60,,,,,,29,16:50,,
39,-77,05/31/19,07/13/19,12:54,32,88,,,,,,,,,,,,,03:15,07:40,07:45,,,,,,,,,,,,
39,-77,05/31/19,07/14/19,21:22,34,270,,,,,,,,,,,,,11:50,16:10,16:16,,,,,,,,,,,,
39,-77,05/31/19,07/22/19,15:58,64,135,,,,,,,,,,,,,06:55,10:45,10:51,,,,,,,,,,,,
39,-77,05/31/19,07/27/19,19:30,54,250,,,,,,,,,,,,,10:55,14:25,14:31,,,,,,,,,,,,
42,-72,05/31/19,07/28/19,23:05,10,290,,,,,,,,,,,,,14:45,18:05,18:11,,,,,,,,,,,,
42,-72,05/31/19,07/29/19,12:10,26,85,,,,,,,,,,,,,03:40,07:05,07:11,,,,,,,,,,,,
39,-77,05/31/19,08/17/19,19:36,47,240,,,,,,,,,,,,,12:20,14:35,14:39,,,,,,,,,,,,
39,-77,05/31/19,08/22/19,15:15,51,125,,,,,,,,,,,,,08:05,10:00,10:02,,,,,,,,,,,,
39,-77,05/31/19,08/22/19,22:21,16,270,,,,,,,,,,,,,15:20,17:10,17:12,,,,,,,,,,,,
39,-77,05/31/19,08/25/19,20:15,40,250,,,,,,,,,,,,,13:25,15:07,15:09,,,,,,,,,,,,
39,-77,05/31/19,08/29/19,11:29,9,88,,,,,,,,,,,,,04:50,06:20,06:20,,,,,,,,,,,,
39,-77,08/15/19,08/29/19,11:29,10,90,,,,,,,,,,,,,05:10,06:30,06:30,,,,,,,,,,,,
39,-77,05/31/19,08/29/19,19:20,47,235,,,,,,,,,,,,,12:50,14:15,14:15,,,,,,,,,,,,
39,-77,08/15/19,08/29/19,19:20,49,232,,,,,,,,,,,,,12:50,14:15,14:15,,,,,,,,,,,,
39,-77,05/31/19,08/30/19,02:20,,,,,,,,,,75,,,60,,19:45,21:10,21:10,,,,,,,,,15,16:50,23,18:05
39,-77,08/15/19,08/30/19,02:20,,,,,,,,,,74,,,58,,21:10,22:45,22:45,,,,,,,,,10,17:40,22,18:50
39,-77,05/31/19,08/30/19,12:54,24,100,,,,,,,,,,,,,06:15,07:40,07:40,,,,,,,,,,,,
39,-77,08/15/19,08/30/19,12:54,24,100,,,,,,,,,,,,,06:20,07:40,07:40,,,,,,,,,,,,
39,-77,05/31/19,08/31/19,18:01,57,200,,,,,,,,,,,,,11:30,12:50,12:51,,,,,,,,,,,,
39,-77,08/15/19,08/31/19,18:01,55,200,,,,,,,,,,,,,11:30,12:50,12:50,,,,,,,,,,,,
40,-78,08/15/19,09/02/19,14:00,37,110,,,,,,,,,,,,,07:20,08:40,08:40,,,,,,,,,,,,
40,-78,08/15/19,09/02/19,15:47,50,120,,,,,,,,,,,,,08:30,09:47,09:47,,,,,,,,,,,,
39,-77,05/31/19,09/03/19,12:40,23,100,,,,,,,,,,,,,06:20,07:40,07:40,,,,,,,,,,,,
39,-77,08/15/19,09/03/19,12:40,20,95,,,,,,,,,,,,,06:20,07:30,07:30,,,,,,,,,,,,
39,-77,05/31/19,09/04/19,03:10,,,,,,,,,,63,80,,56,,21:10,22:15,22:15,,,,,,,,,,,22,19:05
39,-77,08/28/19,09/04/19,03:10,,,,,,,,,,62,79,,55,,21:15,22:20,22:20,,,,,,,,,,,19,19:05
39,-77,05/31/19,09/07/19,01:03,,,,,,,,26,,78,72,15,57,,19:05,20:02,20:02,23,17:25,Wax50,,,,,,21,17:02,27,18:50
39,-77,08/28/19,09/07/19,01:03,,,,,,,,21,,85,72,19,58,,18:45,19:40,19:40,22,17:05,Wax50,,,,,,18,15:55,26,18:50
39,-77,05/31/19,09/07/19,18:14,54,210,,,,,,,,,,,,,12:07,13:10,13:08,,,,,,,,,,,,
39,-77,08/28/19,09/07/19,18:14,53,210,,,,,,,,,,,,,12:20,13:20,13:18,,,,,,,,,,,,
39,-77,05/31/19,09/08/19,00:45,,,,,,,,27,,90,64,16,55,,19:00,19:50,19:48,24,17:20,Wax55,,,,,,21,16:45,27,18:35
39,-77,08/28/19,09/08/19,00:45,,,,,,,,24,,90,68,16,54,,18:40,19:35,19:33,24,17:20,Wax55,,,,,,22,16:30,24,17:20
39,-77,05/31/19,09/08/19,12:55,24,105,,,,,,,,,,,,,07:20,08:05,08:02,,,,,,,,,,,,
39,-77,08/28/19,09/08/19,12:55,24,100,,,,,,,,,,,,,06:50,07:40,07:37,,,,,,,,,,,,
39,-77,05/31/19,09/10/19,02:33,,,,,,,,,,63,82,,57,,20:55,21:40,21:37,27,19:45,Wax60,,,,,,,,24,19:05
39,-77,08/28/19,09/10/19,02:33,,,,,,,,,,65,82,,57,,20:25,21:15,21:12,25,20:00,Wax60,,,,,,,,20,19:00
39,-77,05/31/19,09/16/19,11:35,8,95,,,,,,,,,,,,,06:10,06:30,06:25,,,,,,,,,,,,
39,-77,08/28/19,09/16/19,11:35,8,95,,,,,,,,,,,,,06:20,06:40,06:35,,,,,,,,,,,,
39,-77,05/31/19,09/17/19,00:38,,,,,,,,,,82,,,58,,19:15,19:35,19:40,,,,,,,,,21,16:55,27,18:35
39,-77,08/28/19,09/17/19,00:38,,,,,,,,,,83,,,56,,19:05,19:30,19:35,,,,,,,,,17,16:05,25,17:50
39,-77,05/31/19,09/23/19,01:13,,,,,,,,,,70,80,,58,,20:20,20:20,20:12,,,,,,,,,12,16:55,35,22:00
39,-77,08/28/19,09/23/19,01:13,,,,,,,,,,67,77,,58,,20:25,20:25,20:17,,,,,,,,,10,16:50,32,20:40
39,-77,05/31/19,09/24/19,21:33,16,75,,,,,,,,,,,,,16:40,16:35,16:27,,,,,,,,,,,,
39,-77,08/28/19,09/24/19,21:33,15,75,,,,,,,,,,,,,16:55,16:40,16:32,,,,,,,,,,,,
39,-77,05/31/19,09/26/19,11:23,2,95,,,,,,,,,,,,,06:25,06:10,06:00,,,,,,,,,,,,
39,-77,08/28/19,09/26/19,11:23,2,95,,,,,,,,,,,,,06:25,06:10,06:00,,,,,,,,,,,,
39,-77,05/31/19,10/11/19,00:24,,,,,,,,,,67,84,,57,,20:40,19:35,19:23,28,19:40,Wax90,,,,,,11,17:15,24,19:00
39,-77,08/28/19,10/11/19,00:24,,,,,,,,,,69,85,,56,,20:40,19:30,19:18,28,19:30,Wax90,,,,,,13,17:10,24,18:55
39,-77,05/31/19,10/14/19,12:14,9,110,,,,,,,,,,,,,08:35,07:15,07:05,,,,,,,,,,,,
39,-77,08/28/19,10/14/19,12:14,8,110,,,,,,,,,,,,,08:40,07:20,07:10,,,,,,,,,,,,
39,-77,05/31/19,10/18/19,01:25,,,,,,,,,,49,73,,50,,22:00,20:25,20:14,3,05:00,Wane80,,,,,,,,16,19:00
39,-77,08/28/19,10/18/19,01:25,,,,,,,,,,48,73,,47,,22:00,20:25,20:14,3,04:40,Wane80,,,,,,,,14,19:00
39,-77,05/31/19,10/18/19,12:31,10,120,,,,,,,,,,,,,09:35,07:35,07:24,35,05:25,Wane60,,,,,,,,,
39,-77,08/28/19,10/23/19,03:13,,,,,,,37,,,26,52,,25,30,00:05,22:15,22:00,,,,,,,,,,,,
39,-77,05/31/19,10/23/19,03:13,,,,,,,34,,,27,50,,25,29,00:05,22:20,22:04,,,,,,,,,,,,
39,-77,08/28/19,11/03/19,13:26,14,125,,,,,,,,,,,,,10:50,08:05,07:49,,,,,,,,,,,,
39,-77,05/31/19,11/03/19,13:26,15,125,,,,,,,,,,,,,11:00,08:25,08:09,,,,,,,,,,,,
39,-77,08/28/19,11/04/19,22:58,,,,,,,,,,66,90,,60,,20:50,18:10,17:56,32,20:20,Wax45,,,,,,11,17:10,24,19:30
39,-77,05/31/19,11/04/19,22:58,,,,,,,,,,65,85,,57,,20:45,18:10,17:56,30,20:05,Wax45,,,,,,15,17:20,26,19:20
39,-77,08/28/19,11/25/19,12:33,3,120,,,,,,,,,,,,,11:30,07:20,07:32,,,,,,,,,,,,
39,-77,05/31/19,11/25/19,12:33,2,120,,,,,,,,,,,,,11:30,07:20,07:32,,,,,,,,,,,,
39,-77,08/28/19,11/25/19,22:45,,,,,,,,,,52,74,,47,,22:00,17:40,17:52,,,,,,,,,,,,
39,-77,05/31/19,11/25/19,22:45,,,,,,,,,,52,75,,50,,21:45,17:30,17:42,,,,,,,,,,,,
39,-77,08/28/19,11/29/19,15:00,20,145,,,,,,,,,,,,,13:50,09:30,09:42,,,,,,,,,,,,
39,-77,05/31/19,11/29/19,15:00,21,145,,,,,,,,,,,,,13:55,09:35,09:47,,,,,,,,,,,,
39,-77,08/28/19,12/06/19,01:39,,,,20,20,,45,,,,,,,45,01:10,20:20,20:30,43,23:20,Wax55,,,,,,,,,
39,-77,05/31/19,12/06/19,01:39,,,,22,24,,51,,,,,,,46,01:40,20:45,20:53,40,23:40,Wax55,,,,,,,,,
39,-77,08/28/19,12/08/19,00:33,,,,8,,,39,,,23,43,,20,35,00:23,19:30,19:38,53,00:00,Wax60,,,,,,,,,
39,-77,05/31/19,12/08/19,00:33,,,,12,,,40,,,25,45,,21,36,00:25,19:30,19:38,53,00:25,Wax60,,,,,,,,,
39,-77,08/28/19,12/15/19,14:10,15,135,,,,,,,,,,,,,14:40,09:00,08:56,,,,,,,,,,,,
39,-77,05/31/19,12/15/19,14:10,15,135,,,,,,,,,,,,,14:35,09:00,08:56,,,,,,,,,,,,
39,-77,08/28/19,01/01/20,19:00,22,205,,,,,,,,,,,,,20:40,13:55,13:57,27,00:55,Wax45,,,,,,,,,
39,-77,05/31/19,01/01/20,19:00,23,205,,,,,,,,,,,,,20:40,13:50,13:53,27,00:55,Wax45,,,,,,,,,
39,-77,08/28/19,01/08/20,23:06,,,,18,18,,47,,,,40,,,24,01:10,17:55,18:01,30,22:40,Wax85,,,,,,,,,
39,-77,05/31/19,01/08/20,23:06,,,,18,19,,47,,,,38,,,28,01:20,18:00,18:06,31,22:40,Wax85,,,,,,,,,
39,-77,08/28/19,01/12/20,17:58,27,200,,,,,,,,,,,,,20:50,13:15,13:30,,,,,,,,,,,,
39,-77,05/31/19,01/12/20,17:58,27,200,,,,,,,,,,,,,20:55,13:10,13:20,,,,,,,,,,,,
39,-77,08/28/19,01/20/20,15:18,25,150,,,,,,,,,,,,,18:15,10:00,10:11,,,,,,,,,,,,
39,-77,05/31/19,01/20/20,15:18,25,150,,,,,,,,,,,,,18:20,10:10,10:21,,,,,,,,,,,,
30,-86,08/28/19,01/28/20,22:39,10,256,,,,,,,,,,,,,,,,,,,,,,,,,,,
30,-86,08/28/19,01/28/20,23:18,-1,241,,,,,,,,,,,,,,,,42,,Wax10,,,,,,,,,
39,-77,08/28/19,02/08/20,17:56,35,195,,,,,,,,,,,,,22:20,12:55,13:07,,,,,,,,,,,,
39,-77,05/31/19,02/08/20,17:56,34,198,,,,,,,,,,,,,22:35,13:07,13:19,,,,,,,,,,,,
39,-77,08/28/19,02/15/20,15:17,28,145,,,,,,,,,,,,,19:30,09:40,09:56,,,,,,,,,,,,
39,-77,05/31/19,02/15/20,15:17,30,145,,,,,,,,,,,,,19:40,09:50,10:06,,,,,,,,,,,,
39,-77,08/28/19,02/21/20,12:15,3,105,,,,,,,,,,,,,17:15,06:55,06:09,,,,,,,,,,,,
39,-77,05/31/19,02/21/20,12:15,4,105,,,,,,,,,,,,,17:15,06:55,06:09,,,,,,,,,,,,
39,-77,08/28/19,02/27/20,12:35,9,110,,,,,,,,,,,,,18:00,07:10,07:23,,,,,,,,,,,,
39,-77,05/31/19,02/27/20,12:35,7,105,,,,,,,,,,,,,17:45,07:00,07:13,,,,,,,,,,,,
39,-77,08/28/19,03/04/20,12:24,9,110,,,,,,,,,,,,,18:15,07:20,07:32,,,,,,,,,,,,
39,-77,05/31/19,03/04/20,12:24,9,105,,,,,,,,,,,,,18:10,07:05,07:17,,,,,,,,,,,,
39,-77,08/28/19,03/04/20,20:54,20,240,,,,,,,,,,,,,02:50,15:50,16:02,40,00:30,Wax60,,,,,,,,,
39,-77,05/31/19,03/04/20,20:54,24,240,,,,,,,,,,,,,02:30,15:30,15:42,37,00:00,Wax60,,,,,,,,,
39,-77,08/28/19,03/08/20,16:21,45,160,,,,,,,,,,,,,22:15,11:00,11:11,,,,,,,,,,,,
39,-77,05/31/19,03/08/20,16:21,45,165,,,,,,,,,,,,,22:40,11:20,11:31,,,,,,,,,,,,
39,-77,08/28/19,03/09/20,00:45,,,33,37,53,54,71,,,,,,,53,07:00,19:35,19:46,28,10:40,Full,23,02:10,,,,,,,
39,-77,05/31/19,03/09/20,00:45,,,33,38,58,54,71,,,,,,,54,06:50,19:30,19:41,30,10:40,Full,25,02:30,,,,,,,
39,-77,08/28/19,03/30/20,01:22,,,26,18,40,52,52,19,,,,,,27,09:00,20:20,20:25,30,12:00,Wax20,20,12:50,,,,,,,
39,-77,05/31/19,03/30/20,01:22,,,26,21,40,53,51,19,,,,,,30,08:50,20:15,20:20,32,12:15,Wax20,17,13:00,,,,,,,
39,-77,08/28/19,03/30/20,13:30,28,110,,,,,,,,,,,,,21:05,08:20,08:25,,,,,,,,,,,,
39,-77,05/31/19,03/30/20,13:30,28,110,,,,,,,,,,,,,20:55,08:15,08:20,,,,,,,,,,,,
39,-77,08/28/19,04/02/20,12:29,19,100,,,,,,,,,,,,,20:15,07:25,07:30,,,,,,,,,,,,
39,-77,05/31/19,04/02/20,12:29,19,100,,,,,,,,,,,,,20:05,07:20,07:24,,,,,,,,,,,,
39,-77,08/28/19,04/03/20,02:20,,,19,,27,43,38,35,21,,,,,,09:55,21:05,21:09,60,08:30,Wax50,,,,,,,,,
39,-77,05/31/19,04/03/20,02:20,,,19,,26,43,37,31,21,,,,,,10:00,21:15,21:20,60,10:25,Wax50,,,,,,,,,
39,-77,08/28/19,04/03/20,13:24,28,110,,,,,,,,,,,,,21:10,08:20,08:24,,,,,,,,,,,,
39,-77,05/31/19,04/03/20,13:24,29,110,,,,,,,,,,,,,21:10,08:20,08:24,,,,,,,,,,,,
39,-77,08/28/19,04/05/20,21:36,24,260,,,,,,,,,,,,,05:15,16:20,16:23,,,,,,,,,,,,
39,-77,05/31/19,04/05/20,21:36,22,260,,,,,,,,,,,,,05:25,16:25,16:28,,,,,,,,,,,,
39,-77,08/28/19,04/06/20,12:13,16,90,,,,,,,,,,,,,19:55,06:55,06:57,,,,,,,,,,,,
39,-77,05/31/19,04/06/20,12:13,17,95,,,,,,,,,,,,,20:05,07:00,07:03,,,,,,,,,,,,
39,-77,08/28/19,04/07/20,01:50,,,17,,32,45,42,31,20,,,,,,10:00,20:55,20:57,41,12:00,Full,14,04:20,,,,,,,
39,-77,05/31/19,04/07/20,01:50,,,18,,27,43,42,30,20,,,,,,10:00,20:50,20:53,40,12:00,Full,15,04:00,,,,,,,
39,-77,08/28/19,04/07/20,13:36,33,110,,,,,,,,,,,,,21:30,08:20,08:23,,,,,,,,,,,,
39,-77,05/31/19,04/07/20,13:36,31,110,,,,,,,,,,,,,21:25,08:15,08:18,,,,,,,,,,,,
39,-77,08/28/19,04/08/20,14:46,41,125,,,,,,,,,,,,,22:25,09:15,09:18,,,,,,,,,,,,
39,-77,05/31/19,04/08/20,14:46,43,125,,,,,,,,,,,,,22:37,09:30,09:33,,,,,,,,,,,,
39,-77,08/28/19,04/10/20,00:53,,,25,18,33,48,48,18,14,,,,,,09:05,19:55,19:57,,,,27,04:40,,,,,,,
39,-77,05/31/19,04/10/20,00:53,,,24,19,37,48,48,18,12,,,,,,09:05,19:50,19:52,,,,28,04:50,,,,,,,
39,-77,08/28/19,04/11/20,13:23,33,105,,,,,,,,,,,,,21:40,08:20,08:22,,,,,,,,,,,,
39,-77,05/31/19,04/11/20,13:23,32,105,,,,,,,,,,,,,21:40,08:20,08:22,,,,,,,,,,,,
39,-77,08/28/19,04/14/20,02:00,,,11,,18,43,33,37,30,,,,,,10:45,21:15,21:15,,,,17,04:55,,,,,,,
39,-77,05/31/19,04/14/20,02:00,,,13,,21,37,33,34,27,,,,,,10:40,21:07,21:07,,,,13,04:35,,,,,,,
39,-77,08/28/19,04/15/20,14:03,40,110,,,,,,,,,,,,,22:35,09:00,09:00,21,20:00,Wane50,,,,,,,,,
39,-77,05/31/19,04/15/20,14:03,40,110,,,,,,,,,,,,,22:35,09:00,09:00,20,19:55,Wane50,,,,,,,,,
39,-77,08/28/19,04/16/20,02:22,,,,,,34,,42,30,,,,,,11:00,21:25,21:25,,,,11,04:50,,,,,,,
39,-77,05/31/19,04/16/20,02:22,,,,,,34,,43,28,,,,,,10:55,21:20,21:20,,,,10,04:30,,,,,,,
39,-77,08/28/19,04/17/20,03:10,,,,,,22,22,52,35,17,,,,,12:05,22:20,22:20,,,,,,,,,,,,
39,-77,05/31/19,04/17/20,03:10,,,,,,23,22,50,33,16,,,,,12:00,22:15,22:15,,,,,,,,,,,,
39,-77,08/28/19,04/19/20,16:24,59,160,,,,,,,,,,,,,01:05,11:20,11:20,,,,,,,,,,,,
39,-77,05/31/19,04/19/20,16:24,61,165,,,,,,,,,,,,,01:20,11:27,11:27,,,,,,,,,,,,
39,-77,08/28/19,04/21/20,01:45,,,,,28,34,33,40,30,,,,,,10:50,20:55,20:55,,,,14,05:20,,,,,,,
39,-77,05/31/19,04/21/20,01:45,,,,,30,37,33,37,25,,,,,,10:40,20:45,20:45,,,,17,04:40,,,,,,,
39,-77,08/28/19,04/22/20,13:35,33,100,,,,,,,,,,,,,22:10,08:10,08:11,,,,,,,,,,,,
39,-77,05/31/19,04/22/20,13:35,34,105,,,,,,,,,,,,,22:15,08:15,08:16,,,,,,,,,,,,
39,-77,08/28/19,04/28/20,01:10,,,15,,22,39,34,38,24,,,,,,10:30,20:05,20:05,33,06:00,Wax10,21,05:10,,,,,,,
39,-77,05/31/19,04/28/20,01:10,,,15,,20,37,33,38,26,,,,,,10:35,20:05,20:05,32,06:00,Wax10,22,05:05,,,,,,,
39,-77,08/28/19,04/29/20,13:36,36,100,,,,,,,,,,,,,22:40,08:20,08:19,,,,,,,,,,,,
39,-77,05/31/19,04/29/20,13:36,36,100,,,,,,,,,,,,,22:45,08:15,08:14,,,,,,,,,,,,
39,-77,08/28/19,05/02/20,14:37,48,120,,,,,,,,,,,,,22:55,09:20,09:18,,,,,,,,,,,,
39,-77,05/31/19,05/02/20,14:37,48,120,,,,,,,,,,,,,00:05,09:20,09:18,,,,,,,,,,,,
39,-77,08/28/19,05/03/20,00:48,,,,,22,37,33,39,27,,,,,,10:40,19:55,19:52,63,10:00,Wax60,25,05:40,,,,,,,
39,-77,05/31/19,05/03/20,00:48,,,,,20,39,35,39,25,,,,,,10:30,19:45,19:43,58,10:50,Wax60,25,05:20,,,,,,,
39,-77,08/28/19,05/04/20,13:30,35,120,,,,,,,,,,,,,22:55,08:10,08:07,,,,,,,,,,,,
39,-77,05/31/19,05/04/20,13:30,35,110,,,,,,,,,,,,,23:05,08:15,08:12,,,,,,,,,,,,
39,-77,08/28/19,05/04/20,19:19,53,230,,,,,,,,,,,,,05:00,14:15,14:12,,,,,,,,,,,,
39,-77,05/31/19,05/04/20,19:19,53,240,,,,,,,,,,,,,05:00,14:10,14:07,,,,,,,,,,,,
39,-77,08/28/19,05/05/20,01:07,,,,,,35,28,43,30,10,,,,,10:55,20:00,19:57,41,12:40,Wax70,18,04:50,,,,,,,
39,-77,05/31/19,05/05/20,01:07,,,,,,41,31,41,33,8,,,,,10:45,19:55,19:52,42,12:30,Wax70,18,05:10,,,,,,,
39,-77,08/28/19,05/05/20,13:14,33,100,,,,,,,,,,,,,22:50,08:00,07:57,,,,,,,,,,,,
39,-77,05/31/19,05/05/20,13:14,33,95,,,,,,,,,,,,,22:50,08:00,07:57,,,,,,,,,,,,
39,-77,08/28/19,05/07/20,13:14,34,100,,,,,,,,,,,,,22:50,08:00,07:57,,,,,,,,,,,,
39,-77,05/31/19,05/07/20,13:14,33,95,,,,,,,,,,,,,23:00,08:00,07:57,,,,,,,,,,,,
39,-77,08/28/19,05/09/20,14:26,46,120,,,,,,,,,,,,,00:20,09:15,09:12,,,,,,,,,,,,
39,-77,05/31/19,05/09/20,14:26,47,110,,,,,,,,,,,,,00:15,09:10,09:08,,,,,,,,,,,,
39,-77,08/28/19,05/10/20,13:27,36,100,,,,,,,,,,,,,23:05,07:50,07:48,,,,,,,,,,,,
39,-77,05/31/19,05/10/20,13:27,36,95,,,,,,,,,,,,,23:15,08:05,08:03,,,,,,,,,,,,
39,-77,08/28/19,05/11/20,01:35,,,,,,25,23,49,32,16,,,,,11:40,20:30,20:28,,,,14,05:50,,,,,,,
39,-77,05/31/19,05/11/20,01:35,,,,,,23,23,53,33,15,,,,,11:50,20:35,20:33,,,,13,05:35,,,,,,,
39,-77,08/28/19,05/12/20,17:40,68,190,,,,,,,,,,,,,03:50,12:30,12:28,,,,,,,,,,,,
39,-77,05/31/19,05/12/20,17:40,68,190,,,,,,,,,,,,,03:40,12:20,12:18,,,,,,,,,,,,
39,-77,08/28/19,05/14/20,01:18,,,,,,25,24,48,36,16,,,,,11:45,20:20,04:18,,,,12,05:40,,,,,,,
39,-77,05/31/19,05/14/20,01:18,,,,,,25,23,52,34,16,,,,,11:45,20:20,04:18,,,,12,05:45,,,,,,,
39,-77,08/28/19,05/15/20,16:16,67,140,,,,,,,,,,,,,02:40,11:10,11:08,,,,,,,,,,,,
39,-77,05/31/19,05/15/20,16:16,66,140,,,,,,,,,,,,,02:30,11:00,10:58,,,,,,,,,,,,
39,-77,08/28/19,05/16/20,13:53,42,110,,,,,,,,,,,,,00:15,08:40,08:38,,,,,,,,,,,,
39,-77,05/31/19,05/16/20,13:53,42,100,,,,,,,,,,,,,00:10,08:40,08:38,,,,,,,,,,,,
39,-77,08/28/19,05/23/20,14:57,55,120,,,,,,,,,,,,,01:35,09:35,09:30,,,,,,,,,,,,
39,-77,05/31/19,05/23/20,14:57,56,110,,,,,,,,,,,,,01:55,09:50,09:46,,,,,,,,,,,,
39,-77,08/28/19,05/25/20,21:21,33,270,,,,,,,,,,,,,08:30,16:20,16:18,,,,,,,,,,,,
39,-77,05/31/19,05/25/20,21:21,33,270,,,,,,,,,,,,,08:40,16:30,16:28,,,,,,,,,,,,
39,-77,08/28/19,05/26/20,00:49,,,,,,21,,57,33,18,,,,,12:05,19:50,19:48,26,07:00,Wax10,,,,,,,,,
39,-77,05/31/19,05/26/20,00:49,,,,, ,20,,56,37,18,,,,,12:10,20:00,19:58,23,07:00,Wax10,,,,,,,,,
39,-77,08/28/19,05/26/20,13:15,37,90,,,,,,,,,,,,,00:25,08:10,08:08,,,,,,,,,,,,
39,-77,05/31/19,05/26/20,13:15,37,90,,,,,,,,,,,,,00:20,08:00,07:58,,,,,,,,,,,,
39,-77,08/28/19,05/30/20,18:16,68,230,,,,,,,,,,,,,05:50,13:20,13:18,,,,,,,,,,,,
39,-77,05/31/19,05/30/20,18:16,67,220,,,,,,,,,,,,,05:30,13:00,12:58,,,,,,,,,,,,
39,-77,08/28/19,05/31/20,02:20,,,,,,,,68,38,34,,,,,14:35,22:05,22:03,45,,Wax50,,,,,,,,,
39,-77,05/31/19,05/31/20,02:20,,,,,,,,68,39,35,,,,,14:50,22:20,22:18,44,12:40,Wax50,,,,,,,,,
39,-77,08/28/19,06/01/20,02:50,,,,,,,,69,37,42,28,15,,,14:45,22:10,22:08,43,12:50,Wax60,,,,,,,,,
39,-77,05/31/19,06/01/20,02:50,,,,,,,,69,38,41,22,18,,,14:25,21:55,21:53,43,12:30,Wax60,,,,,,,,,
39,-77,08/28/19,06/01/20,15:28,60,120,,,,,,,,,,,,,02:45,10:05,10:03,,,,,,,,,,,,
39,-77,05/31/19,06/01/20,15:28,60,120,,,,,,,,,,,,,02:45,10:05,10:03,,,,,,,,,,,,
39,-77,08/28/19,06/02/20,01:49,,,,,,,,69,37,32,,,,,12:40,20:10,20:08,45,10:00,Wax80,,,,,,,,,
39,-77,05/31/19,06/02/20,01:49,,,,,,,,68,38,32,,,,,13:30,20:55,20:53,48,12:00,Wax80,,,,,,,,,
39,-77,08/28/19,06/06/20,20:30,40,260,,,,,,,,,,,,,08:40,15:35,15:33,,,,,,,,,,,,
39,-77,05/31/19,06/06/20,20:30,42,265,,,,,,,,,,,,,08:35,15:40,15:38,,,,,,,,,,,,
39,-77,08/28/19,06/08/20,21:31,33,270,,,,,,,,,,,,,09:20,16:20,16:20,,,,,,,,,,,,
39,-77,05/31/19,06/08/20,21:31,33,270,,,,,,,,,,,,,09:20,16:15,16:15,,,,,,,,,,,,
39,-77,08/28/19,06/09/20,13:22,38,90,,,,,,,,,,,,,01:10,08:10,08:10,,,,,,,,,,,,
39,-77,05/31/19,06/09/20,13:22,39,95,,,,,,,,,,,,,01:40,08:30,08:30,,,,,,,,,,,,
39,-77,08/28/19,06/12/20,13:21,36,90,,,,,,,,,,,,,01:30,08:00,08:00,,,,,,,,,,,,
39,-77,05/31/19,06/12/20,13:21,38,90,,,,,,,,,,,,,01:30,08:05,08:05,,,,,,,,,,,,
39,-77,08/28/19,06/13/20,01:26,,,,,,,,69,37,33,,,,,13:35,20:10,20:10,,,,,,,,,,,,
39,-77,05/31/19,06/13/20,01:26,,,,,,,,68,37,35,,,,,13:40,20:15,20:15,,,,,,,,,,,,
39,-77,08/28/19,06/15/20,02:23,,,,,,,,69,33,48,,,,,15:20,21:40,21:40,,,,,,,,,,,,
39,-77,05/31/19,06/15/20,02:23,,,,,,,,66,35,47,,,,,14:50,21:15,21:15,,,,,,,,,,,,
39,-77,08/28/19,06/21/20,18:34,68,230,,,,,,,,,,,,,07:15,13:30,13:31,,,,,,,,,,,,
39,-77,05/31/19,06/21/20,18:34,67,225,,,,,,,,,,,,,07:15,13:20,13:21,,,,,,,,,,,,
39,-77,08/28/19,06/21/20,21:09,40,265,,,,,,,,,,,,,10:15,16:00,16:01,,,,,,,,,,,,
39,-77,05/31/19,06/21/20,21:09,37,270,,,,,,,,,,,,,10:10,16:10,16:11,,,,,,,,,,,,
39,-77,08/28/19,06/22/20,13:24,38,90,,,,,,,,,,,,,02:05,08:00,08:01,,,,,,,,,,,,
39,-77,05/31/19,06/22/20,13:24,37,85,,,,,,,,,,,,,02:05,08:00,08:01,,,,,,,,,,,,
39,-77,08/28/19,06/23/20,13:55,45,100,,,,,,,,,,,,,02:40,08:30,08:31,,,,,,,,,,,,
39,-77,05/31/19,06/23/20,13:55,43,100,,,,,,,,,,,,,02:55,08:45,08:46,,,,,,,,,,,,
39,-77,08/28/19,06/24/20,21:22,35,90,,,,,,,,,,,,,10:25,16:10,16:11,,,,,,,,,,,,
39,-77,05/31/19,06/24/20,21:22,34,90,,,,,,,,,,,,,10:25,16:10,16:11,,,,,,,,,,,,
39,-77,08/28/19,06/26/20,13:45,42,90,,,,,,,,,,,,,02:50,08:30,08:33,,,,,,,,,,,,
39,-77,05/31/19,06/26/20,13:45,42,95,,,,,,,,,,,,,02:45,08:25,08:28,,,,,,,,,,,,
39,-77,08/28/19,06/30/20,01:36,,,,,,,,67,38,48,32,21,,,14:25,19:45,19:47,37,15:00,Wax60,,,,,,,,,
39,-77,05/31/19,06/30/20,01:36,,,,,,,,67,36,47,31,22,,,15:00,20:25,20:27,37,13:50,Wax60,,,,,,,,,
39,-77,08/28/19,06/30/20,16:12,68,160,,,,,,,,,,,,,06:00,11:20,11:23,,,,,,,,,,,,
39,-77,05/31/19,06/30/20,16:12,69,150,,,,,,,,,,,,,05:55,11:15,11:18,,,,,,,,,,,,
39,-77,08/28/19,07/02/20,13:55,45,100,,,,,,,,,,,,,03:35,08:45,08:48,,,,,,,,,,,,
39,-77,05/31/19,07/02/20,13:55,44,95,,,,,,,,,,,,,03:25,08:40,08:43,,,,,,,,,,,,
39,-77,05/31/19,07/04/20,03:08,,,,,,,,,,,,,,,,,,18,,Full,,,,,,,,,
39,-77,08/28/19,07/09/20,13:51,43,110,,,,,,,,,,,,,04:15,09:15,09:21,,,,,,,,,,,,
39,-77,05/31/19,07/09/20,13:51,40,95,,,,,,,,,,,,,03:40,08:20,08:26,,,,,,,,,,,,
39,-77,08/28/19,07/10/20,18:42,63,210,,,,,,,,,,,,,09:00,13:40,13:46,,,,,,,,,,,,
39,-77,05/31/19,07/10/20,18:42,65,230,,,,,,,,,,,,,08:50,13:30,13:36,,,,,,,,,,,,
39,-77,08/28/19,07/11/20,02:29,,,,,,,,52,20,67,44,25,38,,16:55,21:35,21:41,,,,,,,,,20,19:30,,
39,-77,05/31/19,07/11/20,02:29,,,,,,,,51,22,68,47,22,38,,16:45,21:25,21:31,,,,,,,,,18,19:30,,
39,-77,08/28/19,07/13/20,16:46,71,160,,,,,,,,,,,,,07:20,11:30,11:36,,,,,,,,,,,,
39,-77,05/31/19,07/13/20,16:46,72,170,,,,,,,,,,,,,07:15,11:45,11:51,,,,,,,,,,,,
39,-77,08/28/19,07/14/20,13:42,39,90,,,,,,,,,,,,,04:00,08:25,08:31,56,02:10,Wane30,,,,,,,,,
39,-77,05/31/19,07/14/20,13:42,42,100,,,,,,,,,,,,,04:05,08:30,08:36,53,02:00,Wane30,,,,,,,,,
39,-77,08/28/19,07/15/20,01:53,,,,,,,,57,27,66,43,23,30,,16:10,20:30,20:36,,,,,,,,,,,,
39,-77,05/31/19,07/15/20,01:53,,,,,,,,55,25,63,43,25,34,,16:20,20:40,20:46,,,,,,,,,,,,
39,-77,08/28/19,07/15/20,13:37,40,110,,,,,,,,,,,,,04:05,08:20,08:26,63,02:50,Wane20,,,,,,,,,
39,-77,05/31/19,07/15/20,13:37,39,100,,,,,,,,,,,,,04:00,08:20,08:26,63,02:45,Wane20,,,,,,,,,
39,-77,05/31/19,07/16/20,01:19,,,,,,,,61,28,54,32,21,,,16:00,22:20,22:26,,,,,,,,,,,,
39,-77,08/28/19,07/16/20,02:27,,,,,,,,46,18,69,52,20,44,,17:05,21:15,21:20,,,,,,,,,22,14:00,21,
39,-77,05/31/19,07/16/20,02:27,,,,,,,,46,17,74,51,22,44,,17:15,21:20,21:26,,,,,,,,,21,14:00,19,
39,-77,08/28/19,07/21/20,13:03,33,90,,,,,,,,,,,,,04:00,07:50,07:58,,,,,,,,,,,,
39,-77,05/31/19,07/21/20,13:03,33,90,,,,,,,,,,,,,04:00,07:50,07:58,,,,,,,,,,,,
39,-77,08/28/19,07/22/20,14:41,54,120,,,,,,,,,,,,,06:00,09:45,09:53,,,,,,,,,,,,
39,-77,05/31/19,07/22/20,14:41,52,110,,,,,,,,,,,,,05:35,09:30,09:38,,,,,,,,,,,,
39,-77,08/28/19,07/25/20,00:57,,,,,,,,59,26,55,39,26,,,16:25,20:10,20:18,23,18:20,Wax20,,,,,,,,,
39,-77,05/31/19,07/25/20,00:57,,,,,,,,58,27,59,42,24,,,16:15,20:00,20:08,23,18:30,Wax20,,,,,,,,,
39,-77,08/28/19,07/25/20,01:40,,,,,,,,49,18,63,50,23,37,,17:10,20:40,20:48,18,20:00,Wax20,,,,,,17,13:00,,
39,-77,05/31/19,07/25/20,01:40,,,,,,,,52,20,69,44,21,37,,17:00,20:40,20:48,16,20:00,Wax20,,,,,,18,12:55,,
39,-77,08/28/19,07/26/20,14:05,43,110,,,,,,,,,,,,,05:15,09:05,09:06,,,,,,,,,,,,
39,-77,05/31/19,07/26/20,14:05,43,100,,,,,,,,,,,,,05:05,08:40,08:46,,,,,,,,,,,,
39,-77,08/28/19,07/28/20,00:52,,,,,,,,56,26,59,40,25,34,,16:10,19:40,19:46,33,15:30,Wax50,,,,,,15,19:30,,
39,-77,05/31/19,07/28/20,00:52,,,,,,,,59,27,62,43,22,34,,16:10,19:40,19:46,32,15:10,Wax50,,,,,,15,19:30,,
39,-77,05/31/19,07/28/20,13:49,38,100,,,,,,,,,,,,,05:35,09:00,09:06,,,,,,,,,,,,
39,-77,08/28/19,07/29/20,12:43,27,80,,,,,,,,,,,,,03:50,07:10,07:16,,,,,,,,,,,,
39,-77,05/31/19,07/29/20,12:43,28,90,,,,,,,,,,,,,04:00,07:30,07:36,,,,,,,,,,,,
39,-77,08/28/19,07/29/20,21:14,37,270,,,,,,,,,,,,,12:35,16:00,16:06,,,,,,,,,,,,
39,-77,05/31/19,07/29/20,21:14,35,265,,,,,,,,,,,,,12:40,16:00,16:06,,,,,,,,,,,,
39,-77,08/28/19,08/03/20,01:19,,,,,,,,47,16,67,50,24,38,,17:20,20:20,20:27,17,20:40,Full,,,,,,23,19:40,18,20:00
39,-77,05/31/19,08/03/20,01:19,,,,,,,,49,19,72,49,24,41,,17:05,20:15,20:22,15,20:30,Full,,,,,,19,19:40,18,20:00
39,-77,08/28/19,08/08/20,20:06,48,250,,,,,,,,,,,,,12:25,15:10,15:14,,,,,,,,,,,,
39,-77,05/31/19,08/08/20,20:06,45,250,,,,,,,,,,,,,12:10,15:00,15:04,,,,,,,,,,,,
39,-77,08/28/19,08/09/20,01:55,,,,,,,,35,,68,58,20,54,,18:20,21:00,21:04,,,,,,,,,21,21:00,21,21:20
39,-77,05/31/19,08/09/20,01:55,,,,,,,,38,,80,60,21,51,,18:00,20:45,20:49,,,,,,,,,24,20:00,23,20:15
39,-78,08/28/19,08/09/20,18:59,60,310,,,,,,,,,,,,,10:50,13:30,13:34,,,,,,,,,,,,
39,-78,08/28/19,08/09/20,21:17,33,250,,,,,,,,,,,,,13:10,15:50,15:54,,,,,,,,,,,,
39,-78,05/31/19,08/09/20,23:23,8,,,,,,,,,,,,,,15:25,18:05,18:11,,,,,,,,,,,,
39,-78,05/31/19,08/10/20,00:51,,,,,,,,51,,68,47,,40,,16:50,19:30,19:36,,,,,,,,,21,19:00,16,19:50
39,-77,08/28/19,08/10/20,15:41,57,150,,,,,,,,,,,,,08:00,10:40,10:44,,,,,,,,,,,,
39,-77,05/31/19,08/10/20,15:41,58,130,,,,,,,,,,,,,07:45,10:25,10:29,,,,,,,,,,,,
39,-77,08/28/19,08/11/20,02:09,,,,,,,,28,,90,64,16,52,,18:10,20:55,21:00,,,,,,,,,25,20:00,25,20:00
39,-77,05/31/19,08/11/20,02:09,,,,,,,,33,,90,62,19,53,,18:20,21:00,21:04,,,,,,,,,28,19:00,28,19:00
39,-77,08/28/19,08/11/20,13:44,40,100,,,,,,,,,,,,,06:00,08:35,08:41,,,,,,,,,,,,
39,-77,05/31/19,08/11/20,13:44,39,105,,,,,,,,,,,,,05:55,08:30,08:35,,,,,,,,,,,,
39,-77,08/28/19,08/14/20,00:55,,,,,,,,43,15,72,53,21,47,,17:25,19:45,19:49,,,,,,,,,25,15:30,22,
39,-77,05/31/19,08/14/20,00:55,,,,,,,,44,15,72,51,23,43,,17:25,19:50,19:54,,,,,,,,,23,15:00,21,
39,-77,08/28/19,08/17/20,02:47,,,,,,,,22,,79,73,,58,,19:20,21:40,21:44,,,,,,,,,28,19:20,26,
39,-77,05/31/19,08/17/20,02:47,,,,,,,,21,,81,70,,56,,19:25,21:40,21:44,,,,,,,,,27,18:45,27,
39,-77,05/31/19,08/18/20,02:02,,,,,,,,,,90,66,,55,,18:35,20:45,20:49,,,,,,,,,25,20:10,26,
39,-77,05/31/19,08/21/20,00:41,,,,,,,,41,,76,55,22,45,,17:30,19:30,19:34,,,,,,,,,24,19:10,22,19:40
39,-77,05/31/19,08/23/20,16:44,61,175,,,,,,,,,,,,,10:10,11:50,11:54,,,,,,,,,,,,
39,-77,05/31/19,08/24/20,01:42,,,,,,,,29,,90,68,17,54,,18:45,20:40,20:44,,,,,,,,,27,18:10,26,
39,-77,05/31/19,08/25/20,01:14,,,,,,,,34,,90,64,18,52,,18:20,20:00,20:02,,,,,,,,,26,20:00,25,20:10
39,-77,05/31/19,08/27/20,01:18,,,,,,,,30,,90,67,,54,,18:35,20:15,20:17,23,16:50,Wax60,,,,,,26,20:30,26,20:30
39,-77,05/31/19,08/27/20,13:32,35,110,,,,,,,,,,,,,07:00,08:30,08:32,,,,,,,,,,,,
39,-77,05/31/19,08/28/20,13:45,35,110,,,,,,,,,,,,,07:00,08:30,08:32,,,,,,,,,,,,
39,-77,05/31/19,08/29/20,19:41,44,240,,,,,,,,,,,,,13:10,14:40,14:42,,,,,,,,,,,,
39,-77,05/31/19,08/30/20,17:37,59,200,,,,,,,,,,,,,11:15,12:40,12:42,,,,,,,,,,,,
39,-77,05/31/19,08/30/20,17:47,,,,,,,,,,,,,,,,,,,,,42,08:00,,,,,,,
39,-77,05/31/19,09/03/20,16:52,58,185,,,,,,,,,,,,,11:15,12:20,12:18,,,,,,,,,,,,
39,-77,05/31/19,09/04/20,12:44,22,100,,,,,,,,,,,,,06:25,07:30,07:28,,,,,,,,,,,,
39,-77,05/31/19,09/05/20,01:30,,,,,,,,,,81,72,,55,,19:25,20:20,20:18,,,,,,,,,26,18:30,28,19:00
39,-77,05/31/19,09/05/20,15:20,48,135,,,,,,,,,,,,,09:05,10:05,10:03,,,,,,,,,,,,
39,-77,05/31/19,09/06/20,16:20,58,180,,,,,,,,,,,,,11:00,12:00,11:58,,,,,,,,,,,,
39,-77,05/31/19,09/07/20,00:04,,,,,,,,37,,83,60,18,51,,18:05,19:05,19:03,,,,,,,,,26,19:10,24,20:00
39,-77,05/31/19,09/08/20,01:50,,,,,,,,,,73,77,,59,,19:55,20:50,20:48,,,,,,,,,26,18:20,28,19:20
39,-77,05/31/19,09/13/20,01:07,,,,,,,,,,76,77,,57,,19:40,20:15,20:11,,,,,,,,,27,18:50,29,19:30
39,-77,05/31/19,09/13/20,15:40,49,140,,,,,,,,,,,,,09:50,10:30,10:26,60,10:20,Wane10,60,10:30,50,,,,,,
39,-77,05/31/19,09/14/20,00:00,,,,,,,,30,,90,64,18,53,,18:40,19:10,19:06,,,,,,,,,27,20:15,25,21:00
39,-77,05/31/19,09/14/20,00:54,,,,,,,,,,79,72,,58,,19:45,20:15,20:09,,,,,,,,,26,18:40,27,19:00
39,-77,05/31/19,09/16/20,01:53,,,,,,,,,,64,81,,58,,20:45,21:05,20:59,,,,,,,,,23,18:50,,
39,-77,05/31/19,09/16/20,12:41,20,105,,,,,,,,,,,,,07:15,07:40,07:34,,,,,,,,,,,,
39,-77,05/31/19,09/17/20,00:20,,,,,,,,,,85,67,,57,,18:30,19:35,19:29,,,,,,,,,25,17:55,27,18:30
39,-77,05/31/19,09/18/20,16:03,50,165,,,,,,,,,,,,,11:05,11:20,11:15,,,,,,,,,,,,
39,-77,05/31/19,09/19/20,06:00,,,,16,,,40,,,21,43,,18,37,00:45,01:00,00:56,,,,,,,54,00:30,,,,
39,-77,05/31/19,09/19/20,15:36,48,150,,,,,,,,,,,,,10:30,10:40,10:34,,,,60,09:30,50,,,,,,
39,-77,05/31/19,09/19/20,23:36,,,,,,,,42,,86,63,17,53,,18:10,18:20,18:14,,,,,,,,,25,20:10,27,
39,-77,05/31/19,09/20/20,12:49,20,105,,,,,,,,,,,,,07:35,07:45,07:39,,,,,,,,,,,,
39,-77,05/31/19,09/21/20,14:41,40,130,,,,,,,,,,,,,09:35,09:45,09:39,,,,63,10:50,,,,,,,
39,-77,05/31/19,09/21/20,23:45,,,,,,,,27,,90,67,20,55,,18:50,19:00,18:54,19,16:00,Wax10,,,,,,27,18:30,30,19:40
39,-77,05/31/19,09/23/20,01:25,,,,,,,,,,66,83,,57,,20:40,20:40,20:36,,,,,,,16,01:35,25,19:00,28,19:40
39,-77,05/31/19,09/23/20,15:18,44,140,,,,,,,,,,,,,10:20,10:15,10:09,,,,,,,,,,,,
39,-77,05/31/19,09/24/20,00:13,,,,,,,,,,81,73,,69,,19:10,19:15,19:09,23,17:30,Wax50,,,,,,28,19:00,30,20:00
39,-77,05/31/19,09/29/20,00:12,,,,,,,,18,,77,77,,59,,19:45,19:25,19:15,21,23:50,Wax75,,,,,,27,19:00,29,19:30
39,-77,05/31/19,09/30/20,12:11,10,105,,,,,,,,,,,,,07:35,07:05,06:59,,,,,,,,,,,,
39,-77,05/31/19,09/30/20,17:40,47,210,,,,,,,,,,,,,13:50,13:20,13:15,,,,,,,,,,,,
39,-77,05/31/19,10/01/20,00:30,,,,,,,,,,73,79,,57,,20:10,19:40,19:34,20,00:40,Full,,,,,,24,18:40,29,19:45
39,-77,05/31/19,10/02/20,16:33,47,190,,,,,,,,,,,,,13:10,12:35,12:24,,,,,,,,,,,,
39,-77,05/31/19,10/02/20,23:51,,,,,,,,,,78,75,,56,,19:30,19:00,18:49,,,,,,,,,26,18:30,28,19:00
39,-77,05/31/19,10/03/20,15:37,42,150,,,,,,,,,,,,,11:10,10:30,10:19,,,,56,11:10,,,,,,,
39,-77,05/31/19,10/04/20,00:15,,,,,,,,,,70,79,,59,,20:25,19:45,19:34,,,,,,,,,25,18:30,28,19:30
39,-77,05/31/19,10/04/20,01:33,,,,,,,11,,,56,77,,51,,21:40,21:00,21:49,19,03:25,,,,,25,02:20,21,19:20,25,19:50
39,-77,05/31/19,10/06/20,00:33,,,,,,,,,,66,80,,57,,20:50,20:00,19:48,,,,,,,,,,,,
39,-77,05/31/19,10/06/20,12:51,18,115,,,,,,,,,,,,,08:50,08:00,07:48,,,,,,,,,,,,
39,-77,05/31/19,10/06/20,23:31,,,,,,,,19,,78,75,,58,,19:40,18:45,18:33,,,,,,,,,26,18:40,28,19:00
39,-77,05/31/19,10/07/20,01:37,,,,,,,,,,53,77,,53,,21:50,21:00,20:48,,,,,,,27,02:15,19,19:20,23,19:50
39,-77,05/31/19,10/08/20,12:47,16,115,,,,,,,,,,,,,08:50,07:50,07:38,,,,,,,,,,,,
39,-77,05/31/19,10/09/20,01:14,,,,,,,11,,,58,79,,54,,21:20,20:25,20:13,,,,,,,22,02:10,22,19:20,24,19:30
39,-77,05/31/19,10/13/20,19:26,31,220,,,,,,,,,,,,,15:35,14:20,14:06,,,,,,,,,,,,
39,-77,05/31/19,10/14/20,02:28,,,,,,,,,,40,64,,37,,23:10,21:55,21:40,,,,,,,39,02:30,9,19:20,14,19:50
39,-77,05/31/19,10/14/20,14:15,29,130,,,,,,,,,,,,,10:40,09:20,09:04,,,,,,,,,,,,
39,-77,05/31/19,10/14/20,17:47,41,205,,,,,,,,,,,,,14:10,12:55,12:39,39,11:20,Wane05,32,10:20,,,,,,,
39,-77,05/31/19,10/17/20,15:29,38,160,,,,,,,,,,,,,12:25,11:00,10:45,,,,,,,,,,,,
39,-77,05/31/19,10/17/20,15:46,40,160,,,,,,,,,,,,,12:50,11:20,11:05,,,,51,10:50,,,,,,,
39,-77,05/31/19,10/17/20,23:48,,,,,,,,,,65,78,,56,,20:55,19:20,19:05,,,,,,,15,02:10,24,19:20,27,19:40
39,-77,05/31/19,10/18/20,16:02,40,160,,,,,,,,,,,,,12:45,11:07,10:52,,,,,,,,,,,,
39,-77,05/31/19,10/23/20,00:33,,,,,,,,,,55,76,,51,,21:40,19:55,19:39,20,19:30,,,,,30,01:35,20,19:10,22,19:30
39,-77,05/31/19,10/26/20,23:37,,,,,,,,,,63,81,,54,,21:05,19:00,18:44,29,20:00,Wax60,,,,23,01:35,23,19:10,26,19:40
39,-77,05/31/19,11/02/20,13:43,20,130,,,,,,,,,,,,,11:20,08:50,08:36,,,,,,,,,,,,
39,-77,05/31/19,11/03/20,01:30,,,,,,,25,,,35,60,,33,18,23:30,20:55,20:39,20,04:50,Wane90,,,,46,03:00,,,,
39,-77,05/31/19,11/03/20,23:00,,,,,,,,,,64,81,,56,,21:00,18:25,18:09,,,,,,,24,01:20,24,19:15,26,19:30
39,-77,05/31/19,11/04/20,03:00,,,,13,15,,40,,,22,42,,,,00:55,22:15,21:59,31,05:05,Wane90,,,,53,00:25,,,,
39,-77,05/31/19,11/04/20,16:00,33,160,,,,,,,,,,,,,13:35,11:00,10:44,,,,,,,,,,,,
39,-77,05/31/19,11/05/20,14:34,26,140,,,,,,,,,,,,,12:20,09:40,09:24,,,,,,,,,,,,
39,-77,05/31/19,11/05/20,18:50,29,210,,,,,,,,,,,,,16:35,13:50,13:36,,,,,,,,,,,,
39,-77,05/31/19,11/05/20,23:37,,,,,,,,,,54,75,,51,,21:40,19:00,18:44,,,,,,,41,23:55,21,19:25,23,19:40
39,-77,05/31/19,11/06/20,16:17,35,180,,,,,,,,,,,,,14:45,12:05,11:50,,,,,,,,,,,,
39,-77,05/31/19,11/06/20,22:55,,,,,,,,,,60,80,,54,,21:20,18:35,18:20,,,,,,,25,01:40,25,19:40,25,19:50
39,-77,05/31/19,11/07/20,13:24,16,125,,,,,,,,,,,,,11:20,08:40,08:24,47,08:25,Wane60,,,,,,,,,
39,-77,05/31/19,11/08/20,15:22,31,155,,,,,,,,,,,,,13:35,10:40,10:25,32,,Wane50,,,,,,,,,
39,-77,05/31/19,11/09/20,13:54,20,145,,,,,,,,,,,,,12:05,09:05,08:50,55,10:30,Wane40,45,12:15,60,,,,,,
39,-77,05/31/19,11/10/20,01:28,,,,,,,30,,,32,54,,29,23,23:50,20:45,20:30,,,,,,,49,02:00,,,,
39,-77,05/31/19,11/13/20,23:56,,,,,,,18,,,43,69,,40,,22:50,19:30,19:14,,,,,,,39,02:00,,,,
39,-77,05/31/19,11/14/20,21:19,5,240,,,,,,,,,,,,,19:50,16:30,16:14,,,,,,,,,,,,
39,-77,05/31/19,11/16/20,13:45,16,130,,,,,,,,,,,,,12:20,08:55,08:40,,,,,,,,,,,,
39,-77,05/31/19,11/16/20,17:50,30,200,,,,,,,,,,,,,16:40,13:10,12:55,,,,20,12:30,,,,,,,
39,-77,05/31/19,11/17/20,00:20,,,,,,,22,,,37,62,,37,15,23:10,19:40,19:25,,,,,,,45,01:50,,,,
39,-77,05/31/19,11/17/20,15:10,27,155,,,,,,,,,,,,,13:50,10:20,10:05,,,,,,,,,,,,
39,-77,05/31/19,11/18/20,23:06,,,,,,,,,,69,,,,,20:35,17:00,16:45,26,19:20,Wax10,,,,,,,,,
39,-77,05/31/19,11/18/20,23:38,,,,,,,11,,,55,77,,51,,21:40,18:05,17:50,20,19:20,Wax10,,,,32,01:30,25,19:50,26,20:00
39,-77,05/31/19,11/19/20,13:56,18,135,,,,,,,,,,,,,12:40,09:05,08:51,,,,,,,,,,,,
39,-77,05/31/19,11/20/20,14:04,20,140,,,,,,,,,,,,,13:05,09:20,09:06,,,,,,,,,,,,
39,-77,05/31/19,11/21/20,02:09,,,,14,16,,44,,,17,40,,,37,01:00,21:15,21:01,,,,,,,55,03:00,,,,
39,-77,05/31/19,11/23/20,13:48,17,135,,,,,,,,,,,,,12:50,09:00,08:47,,,,,,,,,,,,
39,-77,05/31/19,11/23/20,18:37,26,205,,,,,,,,,,,,,17:40,13:45,13:03,,,,,,,,,,,,
39,-77,05/31/19,11/24/20,01:56,,,,13,17,,40,,,,40,,,35,00:55,21:00,21:47,38,23:05,Wax60,,,,52,00:30,,,,
39,-77,05/31/19,11/24/20,13:41,16,135,,,,,,,,,,,,,12:55,08:55,08:43,,,,,,,,,,,,
39,-77,05/31/19,11/25/20,13:25,12,130,,,,,,,,,,,,,12:35,08:30,08:17,,,,,,,,,,,,
39,-77,05/31/19,11/26/20,15:55,28,165,,,,,,,,,,,,,15:10,11:05,10:53,,,,,,,,,,,,
39,-77,05/31/19,11/26/20,18:18,28,200,,,,,,,,,,,,,17:20,13:15,13:02,,,,22,15:15,,,,,,,
39,-77,05/31/19,11/26/20,23:38,,,,,,,22,,,40,64,,36,15,23:00,18:45,18:32,37,02:30,Wax75,,,,46,01:20,,,,
39,-77,05/31/19,11/27/20,01:40,,,,13,16,,41,,,19,42,,,38,00:50,20:40,20:27,54,02:50,Wax75,,,,56,00:45,,,,
39,-77,05/31/19,11/28/20,15:07,25,155,,,,,,,,,,,,,14:45,10:25,10:13,,,,,,,,,,,,
39,-77,05/31/19,11/28/20,15:26,26,,,,,,,,,,,,,,15:00,10:40,10:38,,,,35,14:30,75,,,,,,
39,-77,05/31/19,11/29/20,14:45,22,145,,,,,,,,,,,,,14:15,09:55,09:43,,,,,,,,,,,,
39,-77,05/31/19,12/03/20,02:09,,,,21,24,,50,,,,32,,,47,01:40,21:00,20:20,25,06:30,Wane80,,,,55,00:55,,,,
39,-77,05/31/19,12/06/20,15:08,24,155,,,,,,,,,,,,,15:15,10:25,10:16,,,,,,,,,,,,
39,-77,05/31/19,12/06/20,23:31,,,,,,,19,,,44,66,,41,9,22:40,17:45,17:36,,,,,,,44,01:00,21,20:10,22,20:15
39,-77,05/31/19,12/07/20,01:46,,,,19,24,,50,,,,33,,,44,01:40,20:45,20:36,,,,,,,55,00:50,,,,
39,-77,05/31/19,12/08/20,14:42,21,145,,,,,,,,,,,,,14:50,09:50,09:41,35,12:00,Wane50,33,15:00,,,,,,,
39,-77,05/31/19,12/08/20,22:46,,,,,,,21,,,41,63,,38,11,23:05,18:00,17:51,,,,,,,43,01:55,16,20:00,16,20:00
39,-77,05/31/19,12/09/20,00:29,,,,10,11,,37,,,23,44,,18,32,00:35,19:45,19:36,,,,,,,54,00:35,,,,
39,-77,05/31/19,12/09/20,02:36,,,10,29,36,14,61,,,,24,,,55,02:45,21:40,21:31,,,,,,,50,01:00,,,,
39,-77,05/31/19,12/11/20,01:51,,,,27,29,,54,,,,30,,,51,02:20,21:10,21:01,,,,,,,54,01:10,,,,
39,-77,05/31/19,12/13/20,19:04,18,215,,,,,,,,,,,,,20:00,14:35,14:24,,,,,,,,,,,,
39,-77,05/31/19,12/14/20,00:39,,,,12,16,,42,,,17,38,,,38,01:40,19:55,19:46,,,,,,,57,01:10,,,,
39,-77,05/31/19,12/17/20,16:57,28,180,,,,,,,,,,,,,17:45,12:00,12:00,,,,,,,,,,,,
39,-77,05/31/19,12/20/20,16:34,28,175,,,,,,,,,,,,,18:10,11:55,11:53,,,,,,,,,,,,
39,-77,05/31/19,12/20/20,20:22,14,225,,,,,,,,,,,,,21:20,15:20,15:18,,,,,,,,,,,,
39,-77,05/31/19,12/21/20,16:28,27,190,,,,,,,,,,,,,18:40,12:45,12:42,,,,,,,,,,,,
39,-77,05/31/19,12/22/20,23:06,,,,,,,35,,,26,49,,23,27,00:25,18:20,18:18,48,23:40,Wax55,,,,56,00:40,9,20:20,9,20:20
39,-77,05/31/19,12/26/20,15:21,23,155,,,,,,,,,,,,,16:40,10:20,10:20,,,,,,,,,,,,
39,-77,05/31/19,12/27/20,15:33,24,155,,,,,,,,,,,,,17:00,10:30,10:30,,,,,,,,,,,,
39,-77,05/31/19,12/28/20,23:30,,,,13,14,,42,,,20,42,,,36,01:10,18:35,18:35,29,05:40,Wax97,,,,60,02:00,,,,
39,-77,05/31/19,12/29/20,15:52,26,160,,,,,,,,,,,,,17:20,10:45,10:45,,,,,,,,,,,,
39,-77,05/31/19,12/29/20,22:30,,,,,,,33,,,30,52,,25,26,00:05,17:30,17:30,9,06:20,Full,,,,54,01:50,10,20:10,10,20:10
39,-77,05/31/19,12/30/20,02:27,,,21,37,48,29,74,,,,,,,66,03:55,21:20,21:20,53,06:20,Full,,,,45,01:30,,,,
39,-77,05/31/19,01/02/21,15:56,26,160,,,,,,,,,,,,,17:40,10:50,10:50,,,,,,,,,,,,
39,-77,05/31/19,01/07/21,14:44,18,140,,,,,,,,,,,,,16:40,09:20,09:26,,,,,,,,,,,,
39,-77,05/31/19,01/08/21,01:50,,,23,37,49,28,72,,,,,,,64,03:50,20:30,20:36,,,,,,,51,01:50,,,,
39,-77,05/31/19,01/09/21,13:51,12,130,,,,,,,,,,,,,16:00,08:35,08:43,,,,,,,,,,,,
39,-77,05/31/19,01/09/21,17:50,28,185,,,,,,,,,,,,,20:15,12:50,12:58,,,,,,,,,,,,
39,-77,05/31/19,01/10/21,19:03,24,210,,,,,,,,,,,,,21:25,13:55,14:01,,,,,,,,,,,,
39,-77,05/31/19,01/12/21,02:00,,,22,40,51,33,77,,,,,,,67,04:15,20:40,20:48,,,,,,,48,01:10,,,,
39,-77,05/31/19,01/12/21,14:16,15,135,,,,,,,,,,,,,16:30,08:50,08:58,,,,,,,,,,,,
39,-77,05/31/19,01/12/21,23:16,,,,22,25,,48,,,,,,,46,01:40,18:00,18:08,,,,,,,63,02:05,,,,
39,-77,05/31/19,01/18/21,16:14,28,160,,,,,,,,,,,,,18:50,10:45,10:55,,,,,,,,,,,,
39,-77,05/31/19,01/20/21,01:00,,,20,37,46,28,71,,,,,,,64,03:40,19:30,19:41,,,,,,,56,02:00,,,,
39,-77,05/31/19,01/20/21,14:05,15,135,,,,,,,,,,,,,16:55,08:45,08:56,,,,,,,,,,,,
39,-77,05/31/19,01/21/21,15:25,24,150,,,,,,,,,,,,,18:15,10:00,10:11,,,,,,,,,,,,
39,-77,05/31/19,01/22/21,01:44,,,26,41,55,38,79,,,,,,,66,04:35,20:15,20:26,52,02:20,Wax60,,,,45,02:00,,,,
39,-77,05/31/19,01/23/21,16:48,31,170,,,,,,,,,,,,,19:50,11:30,11:42,,,,,,,,,,,,
39,-77,05/31/19,01/24/21,16:45,31,170,,,,,,,,,,,,,19:50,11:25,11:37,,,,,,,,,,,,
39,-77,05/31/19,01/30/21,16:58,32,175,,,,,,,,,,,,,20:30,11:40,11:53,,,,,,,,,,,,
39,-77,05/31/19,02/05/21,14:13,18,135,,,,,,,,,,,,,18:25,09:05,09:19,,,,,,,,,,,,
39,-77,05/31/19,02/06/21,03:57,,,31,29,47,55,58,9,,,,,,39,08:00,22:40,22:54,,,,,,,19,02:50,,,,
39,-77,05/31/19,02/07/21,23:12,,,16,34,43,21,65,,,,20,,,62,03:15,17:50,18:04,,,,,,,66,02:40,,,,
39,-77,05/31/19,02/08/21,13:49,16,135,,,,,,,,,,,,,18:20,08:55,09:09,,,,,,,,,,,,
39,-77,05/31/19,02/09/21,00:48,,,28,41,54,40,82,,,,,,,65,04:50,19:15,19:29,,,,,,,53,02:30,,,,
39,-77,05/31/19,02/09/21,15:53,32,155,,,,,,,,,,,,,20:05,10:30,10:42,,,,,,,,,,,,
39,-77,05/31/19,02/17/21,02:00,,,33,37,54,50,70,,,,,,,51,07:10,21:05,21:19,16,01:50,Wax20,,,,39,03:30,,,,
39,-77,05/31/19,02/17/21,13:55,19,125,,,,,,,,,,,,,18:35,08:30,08:44,,,,,,,,,,,,
39,-77,05/31/19,02/20/21,16:44,39,165,,,,,,,,,,,,,21:40,11:20,11:34,,,,,,,,,,,,
39,-77,05/31/19,02/21/21,01:17,,,32,40,56,49,74,,,,,,,57,06:15,20:00,20:14,64,04:40,Wax40,,,,46,03:20,,,,
39,-77,05/31/19,02/21/21,15:37,18,120,,,,,,,,,,,,,18:35,08:20,08:34,,,,,,,,,,,,
39,-77,05/31/19,02/22/21,01:08,,,33,,,,,,,,,,,,06:00,19:45,19:59,74,06:00,Wax50,,,,,,,,,
39,-77,05/31/19,02/23/21,15:33,34,145,,,,,,,,,,,,,20:30,10:05,10:19,,,,,,,,,,,,
39,-77,05/31/19,02/24/21,02:55,,,32,28,46,54,57,10,,,,,,37,08:05,21:35,21:49,73,08:00,Wax70,,,,27,03:40,,,,
39,-77,05/31/19,02/24/21,14:27,26,130,,,,,,,,,,,,,19:40,09:05,09:19,,,,,,,,,,,,
39,-77,05/31/19,02/25/21,02:09,,,32,33,51,53,65,,,,,,,45,07:35,21:00,21:14,65,08:30,Wax80,,,,35,03:30,,,,
39,-77,05/31/19,02/25/21,13:50,22,120,,,,,,,,,,,,,19:05,08:30,08:44,,,,,,,,,,,,
39,-77,05/31/19,03/02/21,13:47,24,125,,,,,,,,,,,,,19:30,08:35,08:47,,,,,,,,,,,,
39,-77,05/31/19,03/03/21,01:07,,,33,39,55,53,72,,,,,,,52,06:50,19:50,20:02,,,,,,,46,03:40,,,,
39,-77,05/31/19,03/03/21,14:32,29,130,,,,,,,,,,,,,20:05,09:00,09:12,,,,,,,,,,,,
39,-77,05/31/19,03/04/21,14:38,31,130,,,,,,,,,,,,,20:25,09:20,09:32,,,,,,,,,,,,
39,-77,05/31/19,03/05/21,14:52,34,135,,,,,,,,,,,,,20:40,09:35,09:47,,,,,,,,,,,,
39,-77,05/31/19,03/06/21,01:57,,,31,29,47,56,59,,,,,,,41,08:10,21:00,21:12,,,,,,,35,04:00,,,,
39,-77,05/31/19,03/06/21,15:16,37,140,,,,,,,,,,,,,21:05,09:55,10:07,,,,,,,,,,,,
39,-77,05/31/19,03/07/21,16:04,42,155,,,,,,,,,,,,,21:55,10:40,10:52,,,,,,,,,,,,
39,-77,05/31/19,03/08/21,02:51,,,25,20,38,52,49,19,9,,,,,28,09:00,21:40,21:52,,,,,,,24,04:00,,,,
39,-77,05/31/19,03/08/21,17:44,45,195,,,,,,,,,,,,,00:10,12:55,13:07,,,,,,,,,,,,
39,-77,05/31/19,03/09/21,14:50,35,130,,,,,,,,,,,,,20:55,09:35,09:46,,,,,,,,,,,,
39,-77,05/31/19,03/11/21,14:46,35,130,,,,,,,,,,,,,21:00,09:30,09:41,,,,,,,,,,,,
39,-77,05/31/19,03/14/21,15:24,41,140,,,,,,,,,,,,,21:50,10:05,10:15,,,,,,,,,,,,
39,-77,05/31/19,03/15/21,00:24,,,33,37,55,53,68,,,,,,,53,06:55,19:15,19:25,,,,,,,52,04:05,,,,
39,-77,05/31/19,03/20/21,13:48,28,120,,,,,,,,,,,,,20:35,08:35,08:43,,,,,,,,,,,,
39,-77,05/31/19,03/26/21,16:23,50,155,,,,,,,,,,,,,23:10,10:50,10:56,,,,,,,,,,,,
39,-77,05/31/19,03/29/21,13:25,27,100,,,,,,,,,,,,,20:45,08:10,08:16,,,,,,,,,,,,
39,-77,05/31/19,03/30/21,01:23,,,26,21,39,51,50,17,8,,,,,21,08:50,20:15,20:20,7,14:00,Full,,,,37,05:00,,,,
39,-77,05/31/19,03/30/21,12:37,18,100,,,,,,,,,,,,,20:00,07:20,07:25,,,,,,,,,,,,
39,-77,05/31/19,04/02/21,13:18,29,110,,,,,,,,,,,,,21:00,08:10,08:12,,,,,,,,,,,,
39,-77,05/31/19,04/03/21,13:34,30,110,,,,,,,,,,,,,21:10,08:20,08:22,12,17:55,Wane50,,,,,,,,,
39,-77,05/31/19,04/04/21,13:53,35,110,,,,,,,,,,,,,21:45,08:45,08:47,16,18:50,Wane40,,,,,,,,,
39,-77,05/31/19,04/05/21,02:30,,,,,21,39,36,35,23,,,,,,10:20,21:25,21:27,,,,,,,,,,,,
39,-77,05/31/19,04/05/21,13:06,26,105,,,,,,,,,,,,,20:55,08:00,08:03,27,19:50,Wane30,,,,,,,,,
39,-77,05/31/19,04/07/21,11:49,12,80,,,,,,,,,,,,,19:40,06:40,06:43,,,,,,,,,,,,
39,-77,05/31/19,04/11/21,15:41,55,145,,,,,,,,,,,,,00:00,10:35,10:37,,,,,,,,,,,,
39,-77,05/31/19,04/15/21,11:51,13,90,,,,,,,,,,,,,20:10,06:40,06:40,,,,,,,,,,,,
39,-77,05/31/19,04/16/21,00:22,,,27,20,38,49,49,19,,,,,,,09:00,19:20,19:20,29,04:25,Wax10,,,,,,,,,
39,-77,05/31/19,04/16/21,12:45,25,95,,,,,,,,,,,,,21:15,07:35,07:35,,,,,,,,,,,,
39,-77,05/31/19,04/17/21,14:00,40,110,,,,,,,,,,,,,22:40,08:50,08:50,,,,,,,,,,,,
39,-77,05/31/19,04/18/21,14:24,45,120,,,,,,,,,,,,,23:10,09:25,09:25,,,,,,,,,,,,
39,-77,05/31/19,04/20/21,01:00,,,18,,28,45,41,28,16,,,,,,09:55,20:00,20:00,62,08:20,Wax45,,,,,,,,,
39,-77,05/31/19,04/20/21,11:50,15,90,,,,,,,,,,,,,20:40,06:50,06:50,,,,,,,,,,,,
39,-77,05/31/19,04/22/21,01:47,,,10,,17,35,41,34,27,,,,,,10:40,20:40,20:40,64,09:20,Wax60,,,,,,,,,
39,-77,05/31/19,04/22/21,13:18,34,100,,,,,,,,,,,,,22:20,08:15,08:15,,,,,,,,,,,,
39,-77,05/31/19,04/23/21,12:56,29,100,,,,,,,,,,,,,21:55,07:50,07:50,,,,,,,,,,,,
39,-77,05/31/19,04/24/21,15:25,56,130,,,,,,,,,,,,,00:25,10:00,10:00,,,,,,,,,,,,
39,-77,05/31/19,04/26/21,12:04,20,90,,,,,,,,,,,,,21:15,07:00,07:00,,,,,,,,,,,,
39,-77,05/31/19,04/27/21,00:25,,,19,,29,47,42,28,17,,,,,,09:45,19:20,19:20,8,14:10,Full,,,,40,06:00,,,,
39,-77,05/31/19,04/27/21,13:46,39,105,,,,,,,,,,,,,23:00,08:40,08:38,,,,,,,,,,,,
39,-77,05/31/19,04/30/21,11:44,15,85,,,,,,,,,,,,,21:00,06:30,06:28,,,,,,,,,,,,
39,-77,05/31/19,05/01/21,00:32,,,17,,26,43,38,32,20,,,,,,10:05,19:30,19:28,,,,,,,41,06:20,,,,
39,-77,05/31/19,05/01/21,14:14,46,110,,,,,,,,,,,,,23:40,09:05,09:03,,,,,,,,,,,,
39,-77,05/31/19,05/02/21,14:21,46,110,,,,,,,,,,,,,23:50,09:10,09:08,,,,,,,,,,,,
39,-77,05/31/19,05/06/21,12:11,22,80,,,,,,,,,,,,,21:50,07:00,06:56,,,,,,,,,,,,
39,-77,05/31/19,05/11/21,01:28,,,,,,25,23,51,31,13,,,,,11:40,20:30,20:26,,,,,,,25,06:50,,,,
39,-77,05/31/19,05/11/21,11:49,19,80,,,,,,,,,,,,,22:00,06:45,06:41,,,,,,,,,,,,
39,-77,05/31/19,05/13/21,00:54,,,12,,25,30,26,45,29,10,,,,,11:00,19:40,19:36,,,,,,,32,06:50,,,,
39,-77,05/31/19,05/13/21,14:56,56,120,,,,,,,,,,,,,01:20,10:00,09:56,,,,,,,,,,,,
39,-77,05/31/19,05/15/21,13:37,42,100,,,,,,,,,,,,,00:05,08:35,08:30,,,,,,,,,,,,
39,-77,05/31/19,05/18/21,12:00,23,85,,,,,,,,,,,,,22:45,07:05,07:01,,,,,,,,,,,,
39,-77,05/31/19,05/19/21,12:16,25,85,,,,,,,,,,,,,22:55,07:10,07:06,,,,,,,,,,,,
39,-77,05/31/19,05/20/21,15:22,60,125,,,,,,,,,,,,,02:05,10:15,10:11,,,,,,,,,,,,
39,-77,05/31/19,05/21/21,12:01,23,80,,,,,,,,,,,,,22:50,06:55,06:51,,,,,,,,,,,,
39,-77,05/31/19,05/23/21,13:26,38,100,,,,,,,,,,,,,00:15,08:15,08:11,,,,,,,,,,,,
39,-77,05/31/19,05/28/21,13:28,40,90,,,,,,,,,,,,,00:40,08:15,08:13,,,,,,,,,,,,
39,-77,05/31/19,05/31/21,14:28,52,105,,,,,,,,,,,,,01:55,09:20,09:18,,,,,,,,,,,,
39,-77,05/31/19,06/01/21,02:20,,,,,,,,69,39,33,,,,,13:30,21:00,20:58,,,,,,,,,,,,
39,-77,05/31/19,06/01/21,13:24,39,90,,,,,,,,,,,,,00:50,08:15,08:13,,,,,,,,,,,,
39,-77,05/31/19,06/04/21,14:51,58,100,,,,,,,,,,,,,02:45,09:50,09:50,,,,,,,,,,,,
39,-77,05/31/19,06/05/21,01:44,,,,,,,,65,39,30,,12,,,13:20,20:30,20:30,,,,,,,,,,,,
39,-77,05/31/19,06/06/21,02:38,,,,,,,,68,36,42,,17,,,14:20,21:20,21:20,,,,,,,,,,,,
39,-77,05/31/19,06/10/21,15:27,64,130,,,,,,,,,,,,,03:40,10:20,10:20,,,,,,,,,,,,
39,-77,05/31/19,06/13/21,14:35,53,105,,,,,,,,,,,,,02:55,09:25,09:25,,,,,,,,,,,,
39,-77,05/31/19,06/14/21,13:20,38,90,,,,,,,,,,,,,01:40,08:05,08:05,,,,,,,,,,,,
39,-77,05/31/19,06/15/21,12:17,27,80,,,,,,,,,,,,,00:40,07:05,07:05,,,,,,,,,,,,
39,-77,05/31/19,06/16/21,12:53,35,90,,,,,,,,,,,,,01:25,07:45,07:45,,,,,,,,,,,,
39,-77,05/31/19,06/23/21,13:45,45,100,,,,,,,,,,,,,02:50,08:40,08:42,,,,,,,,,,,,
39,-77,05/31/19,06/24/21,02:27,,,,,,,,63,29,52,,22,,,15:20,21:10,21:12,18,17:50,Full,,,,,,,,,
39,-77,05/31/19,06/25/21,02:28,,,,,,,,62,30,54,34,22,,,15:45,21:30,21:32,11,19:20,Full,,,,,,,,,
39,-77,05/31/19,06/26/21,15:00,59,120,,,,,,,,,,,,,04:20,09:55,09:58,,,,,,,,,,,,
39,-77,05/31/19,06/28/21,02:31,,,,,,,,60,28,56,37,22,27,,15:55,21:25,21:27,,,,,,,,,,,,
39,-77,05/31/19,06/29/21,01:58,,,,,,,,62,34,51,32,21,22,,15:20,20:45,20:47,,,,,,,,,,,,
39,-77,05/31/19,06/29/21,14:42,55,110,,,,,,,,,,,,,04:10,09:35,09:37,,,,,,,,,,,,
39,-77,05/31/19,06/30/21,15:32,64,130,,,,,,,,,,,,,05:05,10:20,10:24,,,,,,,,,,,,
39,-77,05/31/19,07/03/21,02:36,,,,,,,,55,25,60,39,22,32,,16:10,21:20,21:24,,,,,,,,,,,,
39,-77,05/31/19,07/04/21,11:37,18,75,,,,,,,,,,,,,01:25,06:30,06:34,,,,,,,,,,,,
39,-77,05/31/19,07/07/21,12:31,29,85,,,,,,,,,,,,,02:35,07:30,07:34,,,,,,,,,,,,
39,-77,05/31/19,07/09/21,12:57,34,90,,,,,,,,,,,,,03:00,07:45,07:50,,,,,,,,,,,,
39,-77,05/31/19,07/14/21,14:11,49,100,,,,,,,,,,,,,04:45,09:07,09:13,,,,,,,,,,,,
39,-77,05/31/19,07/16/21,14:32,50,110,,,,,,,,,,,,,05:05,09:20,09:26,,,,,,,,,,,,
39,-77,05/31/19,07/18/21,13:33,40,95,,,,,,,,,,,,,04:15,08:20,08:26,,,,,,,,,,,,
39,-77,05/31/19,07/20/21,12:55,33,90,,,,,,,,,,,,,03:50,07:45,07:51,,,,,,,,,,,,
39,-77,05/31/19,07/23/21,01:43,,,,,,,,51,,66,45,22,37,,16:40,20:30,20:36,14,20:10,Full,,,,,,,,,
39,-77,05/31/19,07/27/21,16:01,65,140,,,,,,,,,,,,,07:15,10:45,10:53,,,,,,,,,,,,
39,-77,05/31/19,07/30/21,13:49,42,100,,,,,,,,,,,,,05:20,08:40,08:46,,,,,,,,,,,,
39,-77,05/31/19,07/31/21,02:06,,,,,,,,40,,77,53,21,46,,17:30,20:50,20:56,,,,,,,,,9,22:00,15,21:00
39,-77,05/31/19,07/31/21,16:07,64,140,,,,,,,,,,,,,07:30,10:50,10:56,,,,,,,,,,,,
39,-77,05/31/19,08/01/21,20:53,39,265,,,,,,,,,,,,,12:25,15:40,15:46,,,,,,,,,,,,
39,-77,05/31/19,08/04/21,03:29,,,,,,,,23,,82,71,,57,,19:15,22:15,22:19,,,,,,,,,24,21:20,27,20:30
39,-77,05/31/19,08/23/21,13:14,30,100,,,,,,,,,,,,,06:10,08:00,08:02,,,,,,,,,,,,
39,-77,05/31/19,08/28/21,13:42,35,110,,,,,,,,,,,,,07:00,08:30,08:31,,,,,,,,,,,,
39,-77,05/31/19,08/28/21,16:51,60,165,,,,,,,,,,,,,10:00,11:30,11:31,,,,,,,,,,,,
39,-77,05/31/19,09/02/21,12:35,23,95,,,,,,,,,,,,,06:05,07:30,07:30,71,06:15,Wane10,,,,,,,,,
39,-77,05/31/19,09/03/21,01:27,,,,,,,,24,,83,70,,58,,19:15,20:30,20:30,,,,,,,,,24,22:20,26,22:00
39,-77,05/31/19,09/03/21,12:22,20,95,,,,,,,,,,,,,06:05,07:15,07:15,59,08:00,Wane05,,,,,,,,,
39,-77,05/31/19,09/06/21,12:38,23,100,,,,,,,,,,,,,06:35,07:40,07:40,,,,,,,,,32,22:50,31,20:30
39,-77,05/31/19,09/06/21,16:11,55,160,,,,,,,,,,,,,10:10,11:10,11:10,,,,,,,,,,,,
39,-77,05/31/19,09/07/21,00:13,,,,,,,,35,,85,61,,51,18,18:10,19:05,19:05,,,,,,,,,16,22:00,22,21:00
39,-77,05/31/19,09/07/21,12:08,16,95,,,,,,,,,,,,,06:10,07:00,06:58,,,,,,,,,,,,
39,-77,05/31/19,09/08/21,13:44,34,115,,,,,,,,,,,,,07:55,08:43,08:41,,,,,,,,,,,,
39,-77,05/31/19,09/09/21,01:08,,,,,,,,,,83,72,,57,,19:05,19:55,19:53,,,,,,,,,25,22:00,27,21:20
39,-77,05/31/19,09/10/21,01:17,,,,,,,,19,,79,73,,59,,19:40,20:20,20:18,,,,,,,,,25,23:00,28,22:20
39,-77,05/31/19,09/10/21,14:30,19,100,,,,,,,,,,,,,06:40,07:20,07:16,,,,,,,,,,,,
39,-77,05/31/19,09/12/21,00:32,,,,,,,,26,,85,67,15,55,,18:50,19:30,19:26,,,,,,,,,20,22:25,24,21:40
39,-77,05/31/19,09/12/21,17:15,55,180,,,,,,,,,,,,,11:20,12:00,11:56,,,,,,,,,,,,
39,-77,05/31/19,09/19/21,14:39,39,130,,,,,,,,,,,,,09:20,09:30,09:24,,,,,,,,,,,,
39,-77,05/31/19,09/20/21,01:50,,,,,,,,,,65,82,,56,,20:50,22:55,22:49,27,01:00,Wax95,,,,,,31,20:30,30,20:00
39,-77,05/31/19,09/20/21,12:30,18,95,,,,,,,,,,,,,07:30,07:40,07:33,,,,,,,,,,,,
39,-77,05/31/19,09/26/21,15:55,32,122,,,,,,,,,,,,,09:15,09:00,08:50,,,,,,,,,,,,
39,-77,05/31/19,09/26/21,23:20,,,,,,,,30,,90,68,,55,,18:45,18:30,18:20,,,,11,14:40,,,,21,22:10,25,21:10
39,-77,05/31/19,09/27/21,12:32,18,105,,,,,,,,,,,,,07:50,07:30,07:20,,,,,,,,,,,,
39,-77,05/31/19,09/28/21,01:00,,,,,,,,,,70,81,,58,,20:20,19:55,19:45,,,,,,,,,31,20:10,30,20:00
39,-77,05/31/19,09/30/21,13:00,22,115,,,,,,,,,,,,,08:35,08:05,07:55,,,,,,,,,,,,
39,-77,05/31/19,10/02/21,14:00,30,125,,,,,,,,,,,,,09:35,09:00,08:48,,,,,,,,,,,,
39,-77,05/31/19,10/03/21,12:12,10,95,,,,,,,,,,,,,07:45,07:05,06:52,,,,,,,,,,,,
39,-77,05/31/19,10/16/21,13:53,27,130,,,,,,,,,,,,,10:40,09:10,08:55,,,,,,,,,,,,
39,-77,05/31/19,10/17/21,01:56,,,,,,,20,,,43,65,,42,,22:40,21:10,20:55,37,21:55,Wax75,,,,,,33,21:25,24,20:30
39,-77,05/31/19,10/17/21,14:18,30,135,,,,,,,,,,,,,11:05,09:30,09:15,,,,,,,,,,,,
39,-77,05/31/19,10/18/21,03:06,,,,,,,29,,,30,54,,28,,23:55,22:20,22:04,43,03:10,Wax80,,,,,,27,21:30,14,20:40
39,-77,05/31/19,10/19/21,00:23,,,,,,,8,,,59,79,,53,,21:30,19:55,19:39,26,02:00,Wax90,,,,,,33,20:50,29,20:10
39,-77,05/31/19,10/20/21,14:35,12,115,,,,,,,,,,,,,09:20,07:40,07:24,,,,,,,,,,,,
39,-77,05/31/19,10/21/21,01:52,,,,,,,20,,,40,66,,40,,22:50,21:05,20:49,35,02:40,Full,,,,,,32,21:20,24,20:30
39,-77,08/28/19,10/21/21,10:57,,,30,30,47,55,,,,,,,,,08:05,06:25,06:09,,,,,,,,,,,,
39,-77,05/31/19,10/21/21,12:19,8,110,,,,,,,,,,,,,09:05,07:25,07:09,,,,,,,,,,,,
39,-77,05/31/19,10/22/21,01:40,,,,,,,19,,,43,68,,41,,22:40,20:55,20:39,29,03:00,Wane05,,,,,,32,21:20,24,20:20
39,-77,05/31/19,10/23/21,22:46,,,,,,,,,,75,76,,60,,19:55,18:05,17:49,,,,14,16:40,,,,28,22:50,30,20:00
39,-77,05/31/19,10/24/21,01:40,,,,,,,21,,,41,64,,39,12,22:55,21:05,20:49,16,04:40,Wane10,,,,,,32,21:30,23,20:30
39,-77,05/31/19,10/24/21,00:00,,,,,,,,,,74,78,,59,,19:50,17:55,17:39,,,,13,16:30,40,,,28,22:30,28,19:30
39,-77,05/31/19,10/25/21,01:19,,,,,,,18,,,45,68,,42,,22:40,20:40,20:24,,,,,,,,,34,21:30,24,20:20
39,-77,05/31/19,10/26/21,12:22,9,115,,,,,,,,,,,,,09:40,07:35,07:19,,,,,,,,,,,,
39,-77,05/31/19,10/27/21,14:25,28,140,,,,,,,,,,,,,11:45,09:40,09:24,35,07:40,Wane55,,,,,,,,,
39,-77,05/31/19,10/28/21,10:47,,,30,27,45,55,57,,,,,,,39,08:10,06:00,05:44,73,08:00,Wane50,,,,,,,,,
39,-77,05/31/19,10/28/21,11:16,17,125,,,,,,,,,,,,,10:35,08:15,07:59,58,08:40,Wane50,,,,,,,,,
39,-77,05/31/19,10/31/21,20:26,18,235,,,,,,,,,,,,,17:50,15:30,15:14,,,,,,,,,,,,
39,-77,05/31/19,11/01/21,00:34,,,,,,,17,,,48,71,,46,,22:15,19:55,19:39,,,,,,,,,34,21:30,26,20:20
39,-77,05/31/19,11/03/21,01:19,,,,,,,23,,,39,62,,35,16,23:10,20:45,20:29,,,,,,,,,31,21:25,21,20:20
39,-77,05/31/19,11/03/21,10:50,,,29,23,41,53,52,,,,,,,33,08:40,06:05,05:49,,,,,,,,,,,,
39,-77,05/31/19,11/05/21,12:27,9,120,,,,,,,,,,,,,11:30,08:45,08:29,,,,,,,,,,,,
39,-77,05/31/19,11/06/21,14:30,25,140,,,,,,,,,,,,,12:20,09:35,09:19,,,,,,,,,,,,
39,-77,05/31/19,11/07/21,13:46,19,130,,,,,,,,,,,,,11:40,08:50,08:34,,,,,,,,,,,,
39,-77,05/31/19,11/08/21,13:21,15,125,,,,,,,,,,,,,11:25,08:30,08:14,,,,,,,,,,,,
39,-77,05/31/19,11/09/21,01:33,,,,,,,29,,,32,55,,30,22,23:40,20:45,20:29,,,,,,,,,27,21:30,16,20:55
39,-77,05/31/19,11/09/21,02:27,,,,10,13,,38,,,22,46,,18,33,00:45,21:45,21:29,,,,,,,,,20,21:30,,
39,-77,05/31/19,11/09/21,13:25,16,130,,,,,,,,,,,,,11:30,08:30,08:14,,,,,,,,,,,,
39,-77,05/31/19,11/09/21,22:37,,,,,,,,,,64,81,,56,,21:00,18:00,17:44,22,18:50,Wax25,14,17:50,,,,32,20:40,30,20:10
39,-77,05/31/19,11/10/21,17:42,33,190,,,,,,,,,,,,,15:40,12:40,12:25,,,,16,17:40,50,,,,,,
39,-77,05/31/19,11/11/21,01:23,,,,,,,28,,,32,56,,30,21,23:40,20:40,20:25,17,20:30,Wax50,,,,,,28,20:35,17,20:20
39,-77,05/31/19,11/11/21,13:44,19,135,,,,,,,,,,,,,12:05,08:55,08:40,,,,,,,,,,,,
39,-77,05/31/19,11/16/21,16:41,32,175,,,,,,,,,,,,,15:25,12:00,11:46,,,,,,,,,,,,
39,-77,05/31/19,11/17/21,01:21,,,,,,,33,,,29,52,,28,25,00:00,20:30,20:16,49,02:20,Wax80,,,,,,26,21:30,14,20:30
39,-77,05/31/19,11/17/21,13:30,16,135,,,,,,,,,,,,,12:20,08:50,08:36,,,,,,,,,,,,
39,-77,05/31/19,11/18/21,14:13,20,140,,,,,,,,,,,,,13:00,09:20,09:06,,,,,,,,,,,,
39,-77,05/31/19,11/19/21,20:37,13,230,,,,,,,,,,,,,19:15,15:35,15:21,,,,23,18:50,,,,,,,
39,-77,05/31/19,11/20/21,01:22,,,,,,,34,,,26,50,,24,28,00:20,20:35,20:21,35,04:20,Full,,,,,,24,21:30,12,20:30
39,-77,05/31/19,11/20/21,13:15,12,125,,,,,,,,,,,,,12:00,08:15,08:01,,,,,,,,,,,,
39,-77,05/31/19,11/21/21,15:49,17,135,,,,,,,,,,,,,12:50,09:00,08:46,,,,,,,,,,,,
39,-77,05/31/19,11/23/21,15:19,13,130,,,,,,,,,,,,,12:30,08:30,08:16,,,,,,,,,,,,
39,-77,05/31/19,11/23/21,23:53,,,,,,,23,,,39,63,,37,14,23:05,19:00,18:46,,,,6,19:00,,,,33,21:35,21,20:30
39,-77,05/31/19,11/24/21,17:02,31,180,,,,,,,,,,,,,16:00,12:00,11:46,,,,,,,,,,,,
39,-77,05/31/19,11/24/21,17:42,29,200,,,,,,,,,,,,,16:55,13:10,12:55,,,,17,19:50,40,,,,,,
39,-77,05/31/19,11/26/21,15:36,28,160,,,,,,,,,,,,,15:05,11:00,10:46,,,,,,,,,,,,
39,-77,05/31/19,11/29/21,13:39,14,135,,,,,,,,,,,,,13:10,08:50,08:40,,,,,,,,,,,,
39,-77,05/31/19,12/01/21,13:25,11,130,,,,,,,,,,,,,12:55,08:25,08:15,39,13:50,Wane10,,,,,,,,,
39,-77,05/31/19,12/03/21,13:30,10,130,,,,,,,,,,,,,13:05,08:20,08:10,,,,,,,,,,,,
39,-77,05/31/19,12/04/21,15:32,25,155,,,,,,,,,,,,,15:20,10:30,10:20,,,,,,,,,,,,
39,-77,05/31/19,12/04/21,22:26,,,,,,,,,,46,70,,44,,22:30,17:45,17:35,,,,16,19:30,,,,36,21:40,27,20:35
39,-77,05/31/19,12/07/21,13:53,14,135,,,,,,,,,,,,,13:50,08:55,08:47,,,,,,,,,,,,
39,-77,05/31/19,12/09/21,13:20,10,130,,,,,,,,,,,,,13:30,08:25,08:19,,,,,,,,,,,,
39,-77,05/31/19,12/12/21,14:27,19,145,,,,,,,,,,,,,14:50,09:30,09:22,,,,,,,,,,,,
39,-77,05/31/19,12/13/21,13:26,10,130,,,,,,,,,,,,,13:50,08:20,08:12,,,,,,,,,,,,
39,-77,05/31/19,12/14/21,02:49,,,15,35,41,,66,,,,,,,61,03:10,21:40,21:32,50,01:20,Wax60,,,,,,,,,
39,-77,05/31/19,12/14/21,16:34,27,175,,,,,,,,,,,,,17:00,11:30,11:22,,,,16,20:00,20,,,,,,
39,-77,05/31/19,12/19/21,19:28,19,210,,,,,,,,,,,,,20:15,14:20,14:18,,,,,,,,,,,,
39,-77,05/31/19,12/19/21,22:47,,,,,,,28,,,34,57,,32,20,23:30,17:35,17:33,,,,12,19:55,10,,,33,21:50,21,20:45
39,-77,05/31/19,12/22/21,13:39,10,130,,,,,,,,,,,,,14:30,08:25,08:25,,,,,,,,,,,,
39,-77,05/31/19,12/23/21,15:19,23,155,,,,,,,,,,,,,16:30,10:20,10:20,,,,,,,,,,,,
39,-77,05/31/19,12/24/21,14:30,18,145,,,,,,,,,,,,,15:40,09:30,09:30,,,,,,,,,,,,
39,-77,05/31/19,01/04/22,15:09,23,150,,,,,,,,,,,,,17:10,10:05,10:10,,,,,,,,,,,,
39,-77,05/31/19,01/05/22,02:05,,,20,38,48,29,74,,,,,,,66,03:50,20:40,20:45,,,,,,,,,,,,
39,-77,05/31/19,01/06/22,13:26,10,130,,,,,,,,,,,,,15:35,08:20,08:26,,,,,,,,,,,,
39,-77,05/31/19,01/07/22,13:57,14,135,,,,,,,,,,,,,16:05,08:50,08:56,,,,,,,,,,,,
39,-77,05/31/19,01/07/22,23:57,,,,23,27,,55,,,9,30,,,48,02:00,18:45,18:51,35,23:25,Wax25,,,,,,18,22:10,,
39,-77,05/31/19,01/08/22,14:37,18,145,,,,,,,,,,,,,16:40,09:20,09:26,,,,,,,,,,,,
39,-77,05/31/19,01/09/22,01:12,,,16,35,43,22,58,,,,,,,62,03:15,19:50,19:56,35,00:20,Wax50,,,,,,,,,
39,-77,05/31/19,01/10/22,13:21,8,125,,,,,,,,,,,,,15:35,08:05,08:12,,,,,,,,,,,,
39,-77,05/31/19,01/10/22,23:44,,,,24,27,6,54,,,,34,,,48,02:00,18:30,18:36,60,02:00,Wax55,,,,,,17,22:10,,
39,-77,05/31/19,01/11/22,17:03,28,170,,,,,,,,,,,,,18:55,11:20,11:26,,,,,,,,,,,,
39,-77,05/31/19,01/12/22,02:43,,,29,42,56,41,81,,,,,,,66,05:00,21:20,21:26,52,03:00,Wax60,,,,,,,,,
39,-77,05/31/19,01/12/22,13:24,9,125,,,,,,,,,,,,,15:50,08:10,08:18,,,,,,,,,,,,
39,-77,05/31/19,01/13/22,13:30,10,130,,,,,,,,,,,,,16:00,08:15,08:23,,,,,,,,,,,,
